"","","",所屬里別,所屬鄰別,""
"臺中市大甲 第0001 開票所",文昌國小( ),臺中市大甲 孔門里５鄰育德路１１３號,朝 里,全里,""
"臺中市大甲 第0002 開票所",文昌國小(二),臺中市大甲 孔門里５鄰育德路１１３號,大甲里,全里,""
"臺中市大甲 第0003 開票所",天國小( ),"臺中市大甲 新美里１８鄰 國路１６８號",天里,1﹣12,""
"臺中市大甲 第0004 開票所",天國小(二),"臺中市大甲 新美里１８鄰 國路１６８號",天里,13﹣19,""
"臺中市大甲 第0005 開票所",大甲文昌祠管 所,臺中市大甲 孔門里５鄰文武路１１６號,孔門里,全里,""
"臺中市大甲 第0006 開票所",文昌國小(三),臺中市大甲 孔門里５鄰育德路１１３號,平安里,1﹣6,""
"臺中市大甲 第0007 開票所",文昌國小(四),臺中市大甲 孔門里５鄰育德路１１３號,平安里,7﹣13,""
"臺中市大甲 第0008 開票所",天國中( ),"臺中市大甲 美里１２鄰大安港路６７號",美里,1﹣7,""
"臺中市大甲 第0009 開票所",天國中(二),"臺中市大甲 美里１２鄰大安港路６７號",美里,8﹣15,""
"臺中市大甲 第0010 開票所",天國小(三),"臺中市大甲 新美里１８鄰 國路１６８號",新美里,1﹣9,""
"臺中市大甲 第0011 開票所",天國小(四),"臺中市大甲 新美里１８鄰 國路１６８號",新美里,10﹣16,""
"臺中市大甲 第0012 開票所",天國小(五),"臺中市大甲 新美里１８鄰 國路１６８號",新美里,17﹣22,""
"臺中市大甲 第0013 開票所",大甲國小( ),"臺中市大甲 文武里２０鄰育德路２３３號",岷山里,1﹣6,""
"臺中市大甲 第0014 開票所",大甲國小(二),"臺中市大甲 文武里２０鄰育德路２３３號",岷山里,7﹣12,""
"臺中市大甲 第0015 開票所",東 國小( ),"臺中市大甲 中山里１０鄰甲東路５２０號",中山里,1﹣8,""
"臺中市大甲 第0016 開票所",東 國小(二),"臺中市大甲 中山里１０鄰甲東路５２０號",中山里,9﹣17,""
"臺中市大甲 第0017 開票所",東 國小(三),"臺中市大甲 中山里１０鄰甲東路５２０號",中山里,18﹣23,""
"臺中市大甲 第0018 開票所",大甲高中( ),"臺中市大甲 南 里１１鄰中山路１ ７２０號",南 里,全里,""
"臺中市大甲 第0019 開票所",大甲高中(二),"臺中市大甲 南 里１１鄰中山路１ ７２０號",薰風里,全里,""
"臺中市大甲 第0020 開票所","新義和里社 中心( )","臺中市大甲 義和里１２鄰 國路２１巷９號",義和里,1﹣8,""
"臺中市大甲 第0021 開票所","新義和里社 中心(二)","臺中市大甲 義和里１２鄰 國路２１巷９號",義和里,9﹣15,""
"臺中市大甲 第0022 開票所",武陵社 中心,臺中市大甲 武陵里９鄰文曲路８１號,武陵里,全里,""
"臺中市大甲 第0023 開票所","文曲社 中心(新)","臺中市大甲 文曲里５鄰東安路４９７巷１８號",文曲里,全里,""
"臺中市大甲 第0024 開票所","大甲體育 休息室( )",臺中市大甲 武曲里１０鄰大安港路２號,武曲里,1﹣6,""
"臺中市大甲 第0025 開票所","大甲體育 休息室(二)",臺中市大甲 武曲里１０鄰大安港路２號,武曲里,7﹣11,""
"臺中市大甲 第0026 開票所",大甲國中( ),臺中市大甲 文武里８鄰育英路１８６號,文武里,1﹣5,""
"臺中市大甲 第0027 開票所",大甲國中(二),臺中市大甲 文武里８鄰育英路１８６號,文武里,6﹣16,""
"臺中市大甲 第0028 開票所",大甲國中(三),臺中市大甲 文武里８鄰育英路１８６號,文武里,17﹣23,""
"臺中市大甲 第0029 開票所",大甲國中(四),臺中市大甲 文武里８鄰育英路１８６號,文武里,24﹣27,""
"臺中市大甲 第0030 開票所",大甲國中(五),臺中市大甲 文武里８鄰育英路１８６號,奉化里,1,2,10,11,""
"","","",所屬里別,所屬鄰別,""
"臺中市大甲 第0031 開票所",奉化社 中心,"臺中市大甲 奉化里５鄰賢仁路６８－１６號",奉化里,3﹣9,""
"臺中市大甲 第0032 開票所",德化國小( ),臺中市大甲 德化里１鄰和平路２９０號,德化里,1﹣6,""
"臺中市大甲 第0033 開票所",德化國小(二),臺中市大甲 德化里１鄰和平路２９０號,德化里,7﹣11,""
"臺中市大甲 第0034 開票所",江南社 中心,"臺中市大甲 江南里７鄰東西六路１１１號",江南里,全里,""
"臺中市大甲 第0035 開票所",紫 寺,"臺中市大甲 頂店里４鄰中山路１ １１５８巷４６號",頂店里,1﹣7,""
"臺中市大甲 第0036 開票所",新頂店社 中心,"臺中市大甲 頂店里１４鄰彈正路５１巷１號之１０",頂店里,8﹣15,""
"臺中市大甲 第0037 開票所",頂店社 中心,"臺中市大甲 頂店里１３鄰彈正路３７號之１",頂店里,16﹣22,""
"臺中市大甲 第0038 開票所",太白社 中心,"臺中市大甲 太白里１鄰通天路１１０號之２",太白里,全里,""
"臺中市大甲 第0039 開票所",日南國中( ),"臺中市大甲 孟 里１鄰中山路２ ６９之１１號",孟 里,1﹣6,""
"臺中市大甲 第0040 開票所",日南國中(二),"臺中市大甲 孟 里１鄰中山路２ ６９之１１號",孟 里,7﹣11,""
"臺中市大甲 第0041 開票所",日南國中(三),"臺中市大甲 孟 里１鄰中山路２ ６９之１１號",孟 里,12﹣16,""
"臺中市大甲 第0042 開票所",幸福社 中心,"臺中市大甲 幸福里６鄰東明路１２７號之１",幸福里,5﹣8,10﹣12,""
"臺中市大甲 第0043 開票所",日南國小( ),"臺中市大甲 幸福里６鄰中山路２ ５６８號",幸福里,1﹣4,9,13,""
"臺中市大甲 第0044 開票所",日南國小(二),"臺中市大甲 幸福里６鄰中山路２ ５６８號",日南里,1﹣4,""
"臺中市大甲 第0045 開票所",龍國小( ),臺中市大甲 日南里５鄰工２路１號,日南里,5﹣8,""
"臺中市大甲 第0046 開票所",龍國小(二),臺中市大甲 日南里５鄰工２路１號,日南里,9﹣13,""
"臺中市大甲 第0047 開票所",龍國小(三),臺中市大甲 日南里５鄰工２路１號,日南里,14﹣19,""
"臺中市大甲 第0048 開票所",龍 社 長壽 館,臺中市大甲 龍 里８鄰 水路２０號,龍 里,1﹣5,""
"臺中市大甲 第0049 開票所",大甲幼兒園,"臺中市大甲 龍 里８鄰 水路２２號之２",龍 里,6﹣10,""
"臺中市大甲 第0050 開票所",西岐國小( ),臺中市大甲 西岐里６鄰 帆路９６號,西岐里,1﹣5,11,""
"臺中市大甲 第0051 開票所",西岐國小(二),臺中市大甲 西岐里６鄰 帆路９６號,西岐里,6﹣10,""
"臺中市大甲 第0052 開票所",銅安社 中心,"臺中市大甲 銅安里１鄰長壽路７９之６號",銅安里,全里,""
"臺中市大甲 第0053 開票所",福德社 中心,臺中市大甲 福德里３鄰 帆路１９４號,福德里,全里,""
"臺中市大甲 第0054 開票所",建興社 長壽 館,"臺中市大甲 建興里４鄰如意路２５之１０號",建興里,全里,""
"臺中市大安 第0055 開票所",南 社 中心,臺中市大安 南 里８鄰南廟路５３號,南 里,全里,""
"臺中市大安 第0056 開票所",鎮南社 中心,臺中市大安 南 里７鄰南海路２４號,南 里,全里,""
"臺中市大安 第0057 開票所",大安國小體育館( ),"臺中市大安 中 里１２鄰中山南路２９６號",中 里,1﹣7,""
"臺中市大安 第0058 開票所",大安國小體育館(二),"臺中市大安 中 里１２鄰中山南路２９６號",中 里,8﹣14,""
"臺中市大安 第0059 開票所",東安社 中心,臺中市大安 東安里４鄰福東 路９５號,東安里,全里,""
"臺中市大安 第0060 開票所",福興社 中心,臺中市大安 福興里４鄰興安路２１２號,福興里,全里,""
"","","",所屬里別,所屬鄰別,""
"臺中市大安 第0061 開票所","龜売社 溪 中心",臺中市大安 龜売里４鄰溪 路７０號,龜売里,1﹣5,""
"臺中市大安 第0062 開票所",龜売社 新 中心,"臺中市大安 龜売里１１鄰中山南路６０３號",龜売里,6﹣12,""
"臺中市大安 第0063 開票所",頂安社 中心,"臺中市大安 頂安里６鄰東西 路７０巷３６號",頂安里,全里,""
"臺中市大安 第0064 開票所",永安社 中心,"臺中市大安 永安里５鄰東西三路２６３號",永安里,1﹣7,""
"臺中市大安 第0065 開票所","臺中 漁 大安辦事處","臺中市大安 永安里１０鄰五甲南路１２１號",永安里,8﹣10,""
"臺中市大安 第0066 開票所",福德社 中心,"臺中市大安 福住里１鄰東西五路二 １２０號",福住里,全里,""
"臺中市大安 第0067 開票所",海墘國小 中心,"臺中市大安 海墘里３鄰大安港路１１００號",海墘里,全里,""
"臺中市大安 第0068 開票所",楊 社 中心,"臺中市大安 西安里３鄰東西七路二 １０５巷３６號",西安里,1﹣3,""
"臺中市大安 第0069 開票所",西安社 中心,臺中市大安 西安里６鄰南北八路５２號,西安里,4﹣8,""
"臺中市大安 第0070 開票所",松 社 中心,臺中市大安 松 里６鄰松 １號,松 里,全里,""
"臺中市外 第0071 開票所",永豐里 中心,臺中市外 永豐里７鄰六分路９０號,永豐里,全里,""
"臺中市外 第0072 開票所",外 台福基督教,"臺中市外 六分里４鄰六分路七支巷２９號",六分里,1,2,3,12﹣14,""
"臺中市外 第0073 開票所",六分社 中心,"臺中市外 六分里５鄰六分路中興巷１７號",六分里,4﹣11,""
"臺中市外 第0074 開票所",外 國小,臺中市外 大同里３鄰甲后路４３６號,大同里,1,2,5,6,20,26﹣29,""
"臺中市外 第0075 開票所",外 農民 習中心,臺中市外 大同里３鄰甲后路４９７號,大同里,7﹣15,30,""
"臺中市外 第0076 開票所",外 老人文康中心,臺中市外 大同里３鄰甲后路４９９號,大同里,3,4,16﹣19,21﹣25,""
"臺中市外 第0077 開票所",大東社 中心,臺中市外 大東里８鄰大馬路３７３號,大東里,1﹣11,14,15,""
"臺中市外 第0078 開票所",外 公墓管 中心,"臺中市外 大東里１０鄰甲后路６６５號",大東里,13,26﹣32,""
"臺中市外 第0079 開票所",徐陳桂 宅(倉 ),"臺中市外 大東里１８鄰甲后路新城４巷３５號",大東里,12,19,24,25,33﹣35,""
"臺中市外 第0080 開票所",陳秀 宅(倉 ),"臺中市外 大東里２２鄰甲后路８８６號",大東里,16﹣18,20﹣23,""
"臺中市外 第0081 開票所",三崁社 中心,臺中市外 三崁里７鄰五穀路１９號,三崁里,全里,""
"臺中市外 第0082 開票所",水美社 中心,臺中市外 水美里６鄰水美路１２９號,水美里,9,17﹣19,""
"臺中市外 第0083 開票所",水美國小( ),"臺中市外 水美里１５鄰二崁路３９０巷６３號",水美里,1﹣8,10﹣12,""
"臺中市外 第0084 開票所",水美國小(二),"臺中市外 水美里１５鄰二崁路３９０巷６３號",水美里,13﹣16,20﹣22,""
"臺中市外 第0085 開票所",鐵山國小( ),"臺中市外 鐵山里１１鄰長生路５７６號",鐵山里,1﹣10,""
"臺中市外 第0086 開票所",鐵山國小(二),"臺中市外 鐵山里１１鄰長生路５７６號",鐵山里,11﹣18,""
"臺中市外 第0087 開票所",中山里 中心,臺中市外 中山里４鄰大馬路１９６號,中山里,全里,""
"臺中市外 第0088 開票所",馬鳴社 中心,臺中市外 馬鳴里１１鄰大馬路２號,馬鳴里,全里,""
"臺中市外 第0089 開票所",土城社 中心,"臺中市外 土城里１１鄰土城路１１８號",土城里,全里,""
"臺中市外 第0090 開票所",廍子社 中心,臺中市外 廍子里５鄰土城路３４６號,廍子里,全里,""
"","","",所屬里別,所屬鄰別,""
"臺中市清水 第0091 開票所","台中市立清水幼兒園鰲峰分","臺中市清水 鰲峰里１７鄰大 路１３８之５號",鰲峰里,全里,""
"臺中市清水 第0092 開票所",靈 社 中心,臺中市清水 靈 里４鄰清水 ２號,靈 里,全里,""
"臺中市清水 第0093 開票所",清水高中( ),臺中市清水 清水里９鄰中山路９０號,清水里,1﹣13,""
"臺中市清水 第0094 開票所",清水高中(二),臺中市清水 清水里９鄰中山路９０號,清水里,14﹣22,""
"臺中市清水 第0095 開票所",元禪寺,"臺中市清水 文昌里１２鄰中山路２９３號",文昌里,全里,""
"臺中市清水 第0096 開票所",清水國小( ),"臺中市清水 南寧里２５鄰光 路１２５號",南寧里,1﹣17,""
"臺中市清水 第0097 開票所",清水國小(二),"臺中市清水 南寧里２５鄰光 路１２５號",南寧里,18﹣29,""
"臺中市清水 第0098 開票所",西寧社 中心,"臺中市清水 西寧里１４鄰五 東路４５號",西寧里,全里,""
"臺中市清水 第0099 開票所",北寧社 中心,臺中市清水 北寧里６鄰董公 ３６號,北寧里,全里,""
"臺中市清水 第0100 開票所",南海岩觀音媽壇,臺中市清水 中興里９鄰新興路８７號,中興里,全里,""
"臺中市清水 第0101 開票所",西社里 中心,臺中市清水 西社里１鄰三民路路橋下,西社里,1﹣14,""
"臺中市清水 第0102 開票所",建國國小,臺中市清水 西社里１９鄰建國路１０號,西社里,15﹣34,""
"臺中市清水 第0103 開票所",清水國小(三),"臺中市清水 南寧里２５鄰光 路１２５號",南社里,1,7,21﹣24,""
"臺中市清水 第0104 開票所",南社社 中心,"臺中市清水 南社里２６鄰中 路１７１號",南社里,8,9,25﹣27,37,""
"臺中市清水 第0105 開票所",壽德,臺中市清水 南社里９鄰南社路１６４號,南社里,2﹣6,10,""
"臺中市清水 第0106 開票所",和平新城,臺中市清水 南社里１３鄰鎮 路２９號,南社里,11﹣13,17﹣20,""
"臺中市清水 第0107 開票所",台中市立清水幼兒園,臺中市清水 南社里２６鄰鎮 路１２號,南社里,14﹣16,28,29,""
"臺中市清水 第0108 開票所",幼兒園,臺中市清水 南社里３２鄰信義路３號,南社里,30﹣36,""
"臺中市清水 第0109 開票所","四塊厝社 中心(右)",臺中市清水 臨江里４鄰高美路４２０號,裕 里,全里,""
"臺中市清水 第0110 開票所","四塊厝社 中心(左)",臺中市清水 臨江里４鄰高美路４２０號,臨江里,全里,""
"臺中市清水 第0111 開票所",秀水社 中心,臺中市清水 秀水里８鄰海濱路１８９號,秀水里,1﹣11,""
"臺中市清水 第0112 開票所",守望 助隊辦公室,臺中市清水 秀水里８鄰海濱路１８９號,秀水里,12﹣15,23,24,""
"臺中市清水 第0113 開票所",楊初興宗廟,臺中市清水 秀水里１７鄰忠貞路６１號,秀水里,16﹣22,""
"臺中市清水 第0114 開票所",大秀國小( ),臺中市清水 武鹿里８鄰五 路３３６號,武鹿里,1﹣7,""
"臺中市清水 第0115 開票所",大秀國小(二),臺中市清水 武鹿里８鄰五 路３３６號,武鹿里,8﹣14,""
"臺中市清水 第0116 開票所",大秀國小(三),臺中市清水 武鹿里８鄰五 路３３６號,武鹿里,15﹣19,""
"臺中市清水 第0117 開票所",海濱社 中心,"臺中市清水 海濱里１鄰海濱路３８８之５號西北側",海濱里,1﹣8,""
"臺中市清水 第0118 開票所",海濱社 托兒所,"臺中市清水 海濱里８鄰海濱路３８８之５號西北側",海濱里,9﹣15,""
"臺中市清水 第0119 開票所",槺 國小( ),"臺中市清水 槺 里８鄰中央路２３之１２號",槺 里,1﹣7,""
"臺中市清水 第0120 開票所",槺 國小(二),"臺中市清水 槺 里８鄰中央路２３之１２號",槺 里,8﹣17,""
"","","",所屬里別,所屬鄰別,""
"臺中市清水 第0121 開票所",槺 國小(三),"臺中市清水 槺 里８鄰中央路２３之１２號",槺 里,18﹣26,""
"臺中市清水 第0122 開票所","果 明新 B 社室(三)","臺中市清水 中社里３１鄰建國路１２６號１樓",中社里,1﹣14,20,21,30﹣33,37,38,""
"臺中市清水 第0123 開票所","果 明新 C 社中心","臺中市清水 中社里２９鄰建國路１０６號１樓之２",中社里,22﹣29,""
"臺中市清水 第0124 開票所",清海國中,"臺中市清水 武鹿里５鄰中央路５１－６０號",中社里,15﹣19,39﹣42,""
"臺中市清水 第0125 開票所",高西漁民 中心,臺中市清水 高西里１鄰高美路７５２號,高西里,全里,""
"臺中市清水 第0126 開票所",高南社 中心,臺中市清水 高南里１鄰高美路５３５號,高南里,全里,""
"臺中市清水 第0127 開票所",高東社 中心,"臺中市清水 高東里６鄰溪頭路８０之１號",高東里,全里,""
"臺中市清水 第0128 開票所",高北社 中心,"臺中市清水 高北里２鄰海口北路１５０巷３５號",高北里,全里,""
"臺中市清水 第0129 開票所",高美社 中心,臺中市清水 高美里６鄰護岸路３７號,高美里,全里,""
"臺中市清水 第0130 開票所",三田國小( ),臺中市清水 田寮里５鄰三田路４號,國姓里,1﹣5,14﹣17,""
"臺中市清水 第0131 開票所",國姓社 中心,臺中市清水 國姓里９鄰三美路１２０號,國姓里,6﹣13,""
"臺中市清水 第0132 開票所",社 長壽俱,"臺中市清水 里９鄰中央北路２之１號",里,1﹣9,17,18,""
"臺中市清水 第0133 開票所",甲南國小,臺中市清水 里１５鄰臨海路２６號,里,10﹣16,19,""
"臺中市清水 第0134 開票所","清水 第二公墓管中心","臺中市清水 頂湳里１０鄰頂湳路１０１號",頂湳里,1﹣11,""
"臺中市清水 第0135 開票所",頂湳社 中心,"臺中市清水 頂湳里１３鄰客 路６２巷４之１號",頂湳里,12﹣18,""
"臺中市清水 第0136 開票所",三田國小(二),臺中市清水 田寮里５鄰三田路４號,田寮里,1﹣8,""
"臺中市清水 第0137 開票所",三田國小(三),臺中市清水 田寮里５鄰三田路４號,田寮里,9﹣17,""
"臺中市清水 第0138 開票所",保安,"臺中市清水 橋頭里１０鄰橋江北６０巷３６號",橋頭里,1﹣10,""
"臺中市清水 第0139 開票所","橋頭社 守望 助隊隊","臺中市清水 橋頭里１１鄰橋江北９０號",橋頭里,11﹣18,""
"臺中市清水 第0140 開票所",西寧國小,"臺中市清水 西寧里１２鄰五 東路５０號",橋頭里,19﹣25,31,""
"臺中市清水 第0141 開票所","清水 橋頭社中心","臺中市清水 橋頭里１３鄰橋江南 ６８號",橋頭里,26﹣30,35,""
"臺中市清水 第0142 開票所",安興 辦公室,"臺中市清水 橋頭里１０鄰橋江北６６之６號",橋頭里,32﹣34,36﹣38,""
"臺中市清水 第0143 開票所",鎮安,"臺中市清水 下湳里１０鄰中山路５２９號",下湳里,1﹣3,6﹣10,14,19,""
"臺中市清水 第0144 開票所",保安尊王廟,"臺中市清水 下湳里１２鄰中山路４６８之１號",下湳里,4,5,11﹣13,15,16,""
"臺中市清水 第0145 開票所",朝興,"臺中市清水 下湳里１８鄰中山路４３６號",下湳里,17,18,20﹣28,""
"臺中市清水 第0146 開票所",東山社 中心,"臺中市清水 東山里１１鄰神清路１之２號",東山里,全里,""
"臺中市清水 第0147 開票所",吳厝社 中心,"臺中市清水 吳厝里３鄰東山路２０之６號",吳厝里,全里,""
"臺中市清水 第0148 開票所",楊厝社 中心,臺中市清水 楊厝里１鄰頂三 路５５號,楊厝里,全里,""
"臺中市清水 第0149 開票所",新海風社 中心,"臺中市清水 海風里３鄰海風二 ３２６巷２６號",海風里,全里,""
"臺中市 第0150 開票所","頂寮社 中心(市鎮 中心)","臺中市 頂寮里６鄰八德東路１００號",頂寮里,1﹣13,17,21﹣24,30,""
"","","",所屬里別,所屬鄰別,""
"臺中市 第0151 開票所",中港慈,"臺中市 頂寮里２８鄰四維東路８０號",頂寮里,14﹣16,18﹣20,25﹣29,""
"臺中市 第0152 開票所",下寮社 中心,"臺中市 下寮里１５鄰 北路１１７號",下寮里,1﹣21,""
"臺中市 第0153 開票所",感化 (永興祠),"臺中市 下寮里１５鄰 北路１１５號",下寮里,22﹣29,""
"臺中市 第0154 開票所",中正社 中心,"臺中市 中正里４鄰臨港路３ ２４６號",中正里,1﹣18,""
"臺中市 第0155 開票所",圖書館,臺中市 中正里３３鄰 ７２號,中正里,19﹣26,28,33,34,""
"臺中市 第0156 開票所",國中,臺中市 文化里１２鄰民生 １２號,中正里,27,29﹣32,35﹣39,""
"臺中市 第0157 開票所",中和社 中心,臺中市 中和里１４鄰民 ２２號,中和里,全里,""
"臺中市 第0158 開票所",國小( ),臺中市 安仁里２鄰民生 ４５號,文化里,全里,""
"臺中市 第0159 開票所",國小(二),臺中市 安仁里２鄰民生 ４５號,安仁里,全里,""
"臺中市 第0160 開票所",定安,"臺中市 湳里１鄰 南路１３３之５號",湳里,1﹣5,14,15,18,27﹣30,""
"臺中市 第0161 開票所",市立 幼兒園,"臺中市 湳里１６鄰建國北 ２８７巷９９號",湳里,16,17,31﹣43,""
"臺中市 第0162 開票所",南國小,臺中市 湳里７鄰 南路５０號,湳里,6﹣13,19,20,44﹣47,""
"臺中市 第0163 開票所","湳兒童 中心( 湳社 長壽俱)","臺中市 湳里２５鄰自強２ ６１號",湳里,21﹣26,48﹣56,""
"臺中市 第0164 開票所","南簡社 中心( )","臺中市 南簡里１４鄰中央路２ ５０４號",南簡里,1﹣13,""
"臺中市 第0165 開票所","南簡社 中心(二)","臺中市 南簡里１４鄰中央路２ ５０４號",南簡里,14﹣20,""
"臺中市 第0166 開票所",南簡社 長壽俱,"臺中市 南簡里１５鄰中央路２ ３２０號",南簡里,21﹣26,""
"臺中市 第0167 開票所",中正國小( ),"臺中市 福德里１６鄰中央路２ １７號",福德里,1﹣13,""
"臺中市 第0168 開票所",中正國小(二),"臺中市 福德里１６鄰中央路２ １７號",福德里,14﹣25,""
"臺中市 第0169 開票所",中正國小(三),"臺中市 福德里１６鄰中央路２ １７號",福德里,26﹣31,""
"臺中市 第0170 開票所",福德祠,"臺中市 大 里４鄰臺 大道八 ８３０號",大 里,1﹣4,18,23﹣25,29,30,42,""
"臺中市 第0171 開票所",興,"臺中市 大 里３鄰臺 大道八 ９０８號",大 里,35﹣40,44﹣48,""
"臺中市 第0172 開票所",天 北邊側室,"臺中市 大 里２鄰中央路１ ７８４號",大 里,5,9﹣17,31﹣33,""
"臺中市 第0173 開票所","天 (後側原大托兒所)","臺中市 大 里２鄰中央路１ ７８４號",大 里,19﹣22,""
"臺中市 第0174 開票所",大 社 中心,"臺中市 大 里３４鄰文 １６８巷１號",大 里,6﹣8,26﹣28,34,41,43,""
"臺中市 第0175 開票所","大 社 中心( 天 南邊側室)","臺中市 大 里２鄰中央路１ ７８４號",大 里,2﹣10,30﹣34,41,""
"臺中市 第0176 開票所",中港高中,"臺中市 大 里２７鄰文昌路４００號",大 里,1,12﹣15,26,27,37,40,""
"臺中市 第0177 開票所",大德國小,"臺中市 大 里３９鄰文昌路３４３號",大 里,11,25,28,29,38,39,""
"臺中市 第0178 開票所",中港國小,"臺中市 大 里１８鄰文明 １００號",大 里,16﹣24,35,36,""
"臺中市 第0179 開票所",海興社 中心,"臺中市 興農里６鄰中央路１ ５２７號",興農里,1﹣11,20,""
"","","",所屬里別,所屬鄰別,""
"臺中市 第0181 開票所",永寧國小( ),"臺中市 永寧里１９鄰中央路１ １６０號",永寧里,1﹣10,17,18,""
"臺中市 第0182 開票所",永寧國小(二),"臺中市 永寧里１９鄰中央路１ １６０號",永寧里,11﹣16,19﹣21,""
"臺中市 第0183 開票所","永興社 中心〈原址〉","臺中市 永安里３鄰永興路１ ５４５巷１０８號",永安里,1﹣7,15,""
"臺中市 第0184 開票所",永元,"臺中市 永安里８鄰中央路１ ９９之６號",永安里,8﹣14,""
"臺中市 鹿 第0185 開票所",居仁社 中心,臺中市 鹿 居仁里２鄰新生 ８號,居仁里,全里,""
"臺中市 鹿 第0186 開票所",保安 (三山國王),臺中市 鹿 鹿里１鄰四平 １７９號,里,1﹣10,16,17,""
"臺中市 鹿 第0187 開票所",社 中心,"臺中市 鹿 里２２鄰日新 ３３之１號",里,11﹣15,18﹣22,""
"臺中市 鹿 第0188 開票所","鹿里民 中心(原中山 )",臺中市 鹿 鹿里１２鄰中正 ３４號,鹿里,全里,""
"臺中市 鹿 第0189 開票所",美社 中心,臺中市 鹿 美仁里１１鄰中正 １號,美仁里,全里,""
"臺中市 鹿 第0190 開票所","陳俊夫宅 (金福興辦公 )( )",臺中市 鹿 興仁里１２鄰興安路１７號,興仁里,1﹣9,19,20,""
"臺中市 鹿 第0191 開票所","陳俊夫宅 (金福興辦公 )(二)",臺中市 鹿 興仁里１２鄰興安路１７號,興仁里,10﹣18,21,""
"臺中市 鹿 第0192 開票所",永安,臺中市 鹿 興安里８鄰斗 路３７０號,興安里,1﹣10,13,""
"臺中市 鹿 第0193 開票所",福伯 管 委,"臺中市 鹿 興安里５鄰斗 路５００巷３４號",興安里,11,12,14﹣19,""
"臺中市 鹿 第0194 開票所","鹿幼兒園(原示範)","臺中市 鹿 斗抵里４鄰斗 路文光巷１４號",斗抵里,1﹣8,""
"臺中市 鹿 第0195 開票所",斗抵社 中心,臺中市 鹿 斗抵里４鄰斗 路１９７號,斗抵里,16﹣20,22,24,28,""
"臺中市 鹿 第0196 開票所",安,"臺中市 鹿 斗抵里１０鄰太平路４５巷１５號",斗抵里,9﹣15,21,23,25﹣27,""
"臺中市 鹿 第0197 開票所",鹿峰里老人 館,"臺中市 鹿 鹿峰里２７鄰 河路４１０號",鹿峰里,1﹣11,""
"臺中市 鹿 第0198 開票所",鹿峰國小,"臺中市 鹿 鹿峰里２７鄰 河路２０９號",鹿峰里,12,13,22﹣27,""
"臺中市 鹿 第0199 開票所",義聖,臺中市 鹿 鹿峰里１５鄰長 路１號,鹿峰里,14﹣21,28,""
"臺中市 鹿 第0200 開票所",護安 (南),臺中市 鹿 鹿寮里８鄰金 １巷６３號,鹿寮里,1﹣11,""
"臺中市 鹿 第0201 開票所",護安 (北),臺中市 鹿 鹿寮里８鄰金 １巷６３號,鹿寮里,12﹣14,28,31,37,38,""
"臺中市 鹿 第0202 開票所",鹿寮社 中心,"臺中市 鹿 鹿寮里１４鄰福鹿 １００號",鹿寮里,15,16,25﹣27,30,""
"臺中市 鹿 第0203 開票所",鹿寮國中(二年11 ),"臺中市 鹿 鹿寮里２１鄰光 路３８５號",鹿寮里,17﹣19,22﹣24,29,32,""
"臺中市 鹿 第0204 開票所","老人文康中心(鹿鳴公園內)","臺中市 鹿 鹿寮里３５鄰賢義 １６２號",鹿寮里,20,21,33﹣36,39,""
"臺中市 鹿 第0205 開票所",林國小,"臺中市 鹿 林里１６鄰中 路３０１號",林里,2﹣4,16﹣19,""
"臺中市 鹿 第0206 開票所",林保安 右 房,"臺中市 鹿 林里６鄰中山路７６巷１３號之１",林里,1,5,9,10,22,24,33,""
"臺中市 鹿 第0207 開票所",鹿幼兒園 林,"臺中市 鹿 林里２０鄰中山路７６巷１３號",林里,6﹣8,20﹣21,34,""
"臺中市 鹿 第0208 開票所",林社 中心,"臺中市 鹿 林里３２鄰中山路紅 巷２－９號",林里,11﹣15,23,31,32,""
"臺中市 鹿 第0209 開票所","鹿寮國中( 中心音 教室)","臺中市 鹿 鹿寮里２１鄰光 路３８５號",林里,25,27,30,35,""
"臺中市 鹿 第0210 開票所","鹿寮國中( 中心美術教室)","臺中市 鹿 鹿寮里２１鄰光 路３８６號",林里,26,28,29,""
"","","",所屬里別,所屬鄰別,""
"臺中市 鹿 第0211 開票所",分社 長壽俱,"臺中市 鹿 分里３鄰七賢南路２９巷１０之１號",分里,全里,""
"臺中市 鹿 第0212 開票所","福興社 中心(青山公園內)","臺中市 鹿 福興里１３鄰鎮南路２ ２９９巷３６號",福興里,1﹣3,13,16﹣18,""
"臺中市 鹿 第0213 開票所","福興 倉 (舊社中心)","臺中市 鹿 福興里５鄰鎮南路福 巷９號",福興里,4﹣12,14,15,""
"臺中市 鹿 第0214 開票所",北勢社 中心,"臺中市 鹿 北勢里２３鄰中 路東明巷７５號",北勢里,9,21﹣24,26﹣29,""
"臺中市 鹿 第0215 開票所",北勢國中( ),"臺中市 鹿 北勢里１８鄰英才路１５０號",北勢里,1,2,11,18﹣20,25,""
"臺中市 鹿 第0216 開票所",北勢國中(二),"臺中市 鹿 北勢里１８鄰英才路１５０號",北勢里,3﹣8,10,12﹣17,30,""
"臺中市 鹿 第0217 開票所",王爺廟,"臺中市 鹿 晉江里９鄰東晉東路１００號",晉江里,全里,""
"臺中市 鹿 第0218 開票所",六路老人 館,臺中市 鹿 六路里４鄰南 路５５號,六路里,1,3﹣8,""
"臺中市 鹿 第0219 開票所",鹿幼兒園六路,"臺中市 鹿 六路里２鄰北勢東路２６７號",六路里,2,12,13,15,16,""
"臺中市 鹿 第0220 開票所",北勢國小,臺中市 鹿 六路里９鄰南 路３７６號,六路里,9﹣11,14,""
"臺中市 鹿 第0221 開票所",舊南勢社 托兒所,臺中市 鹿 南勢里２鄰南 路４５６號,南勢里,1﹣5,""
"臺中市 鹿 第0222 開票所",南勢社 中心,臺中市 鹿 南勢里２鄰南 路４５８號,南勢里,6﹣10,""
"臺中市 鹿 第0223 開票所",慶安 中心,臺中市 鹿 子里９鄰正英二 ６５號,子里,1,3,4,7﹣10,""
"臺中市 鹿 第0224 開票所","鹿幼兒園 子(明秀公園內)",臺中市 鹿 子里５鄰正義路２１８號,子里,2,17﹣18,""
"臺中市 鹿 第0225 開票所",慶安,臺中市 鹿 子里６鄰鎮慶 １１０號,子里,5,6,11﹣16,""
"臺中市 鹿 第0226 開票所",三鹿公園 中心,臺中市 鹿 三鹿里９鄰自強路２９３號,三鹿里,1﹣9,11,""
"臺中市 鹿 第0227 開票所",保安 倉,"臺中市 鹿 三鹿里１２鄰保 路１７０號對面",三鹿里,12﹣16,18,""
"臺中市 鹿 第0228 開票所",永天,"臺中市 鹿 三鹿里９鄰自強路２９１巷１１５號",三鹿里,10,17,""
"臺中市 鹿 第0229 開票所",公明社 中心,"臺中市 鹿 公明里４鄰中清路信義巷６之１７號",公明里,1﹣5,9﹣12,20,24,""
"臺中市 鹿 第0230 開票所",鹿幼兒園 群,"臺中市 鹿 公明里１９鄰 群新莊１２４號",公明里,13﹣19,""
"臺中市 鹿 第0231 開票所",公明國小,臺中市 鹿 公明里８鄰忠貞路２１３號,公明里,6﹣8,21﹣23,25,""
"臺中市 鹿 第0232 開票所",清 社 中心,"臺中市 鹿 清 里３鄰東海路２７之４號",清 里,1﹣7,11,14,""
"臺中市 鹿 第0233 開票所",清 里保安,"臺中市 鹿 清 里３鄰東海路２８之４號",清 里,8﹣10,12,13,15﹣18,""
"臺中市 鹿 第0234 開票所",公舘國小,"臺中市 鹿 西勢里２鄰中清路８５－６號",西勢里,1﹣11,""
"臺中市 鹿 第0235 開票所",西勢社 中心,"臺中市 鹿 西勢里１２鄰中清路６９之１號",西勢里,12﹣18,""
"臺中市龍井 第0236 開票所",坑里 中心,"臺中市龍井 坑里７鄰 師路１ １６４巷２號",坑里,1,2,4﹣6,11﹣15,""
"臺中市龍井 第0237 開票所",朝奉,"臺中市龍井 坑里８鄰 師路１ ７８號",坑里,3,7﹣10,""
"臺中市龍井 第0238 開票所",龍東社 中心,臺中市龍井 龍東里１鄰茄 路５號附近,龍東里,1﹣6,15,16,""
"臺中市龍井 第0239 開票所",奉天,臺中市龍井 龍東里８鄰茄 路７８號,龍東里,7﹣14,17,""
"臺中市龍井 第0240 開票所",龍西社 中心,臺中市龍井 龍西里３鄰茄 路１４７號,龍西里,全里,""
"","","",所屬里別,所屬鄰別,""
"臺中市龍井 第0241 開票所",田中社 辦公室,臺中市龍井 田中里４鄰龍北路１５５號,田中里,1﹣6,12,13,""
"臺中市龍井 第0242 開票所",田中社 中心,臺中市龍井 田中里４鄰龍北路１８０號,田中里,7﹣11,14,""
"臺中市龍井 第0243 開票所",福田社 中心,"臺中市龍井 福田里３鄰茄 路福頭崙巷１３號",福田里,全里,""
"臺中市龍井 第0244 開票所",水里 中心,"臺中市龍井 水里１１鄰龍港路３４９巷２號",水里,2,5﹣11,14,""
"臺中市龍井 第0245 開票所",龍港國小,"臺中市龍井 水里３鄰三港路水裡港巷１號",水里,1,3,4,12,13,""
"臺中市龍井 第0246 開票所",紀氏祠 (紀氏公厝),"臺中市龍井 龍 里４鄰中央路１ ２９巷３１ １６號",龍 里,1﹣4,16,17,23﹣25,""
"臺中市龍井 第0247 開票所",龍 國小( ),"臺中市龍井 龍 里９鄰中央路１ １６５巷５０號",龍 里,5﹣7,9,11,22,""
"臺中市龍井 第0248 開票所",龍 國小(二),"臺中市龍井 龍 里９鄰中央路１ １６５巷５０號",龍 里,8,10,18﹣20,""
"臺中市龍井 第0249 開票所",奉天 中心,"臺中市龍井 龍 里１４鄰蚵寮路１９１巷１６號",龍 里,12﹣15,21,""
"臺中市龍井 第0250 開票所",三德里守望 助隊,臺中市龍井 三德里１０鄰中厝路１２號,三德里,3﹣10,15,16,""
"臺中市龍井 第0251 開票所",天波府,"臺中市龍井 三德里１２鄰中厝路１０７巷５號",三德里,1,2,11﹣14,""
"臺中市龍井 第0252 開票所",忠和社 中心,"臺中市龍井 忠和里７鄰中央路３ １６５巷３０號",忠和里,3﹣7,17,""
"臺中市龍井 第0253 開票所",龍海國小( ),"臺中市龍井 忠和里９鄰中央路３ ２０６號",忠和里,1,2,8﹣11,""
"臺中市龍井 第0254 開票所",龍海國小(二),"臺中市龍井 忠和里９鄰中央路３ ２０６號",忠和里,12﹣16,18,19,""
"臺中市龍井 第0255 開票所",龍山國小( ),"臺中市龍井 山腳里７鄰中山１路１ ６號",山腳里,1﹣5,17,""
"臺中市龍井 第0256 開票所",龍山國小(二),"臺中市龍井 山腳里７鄰中山１路１ ６號",山腳里,6﹣8,16,18﹣21,""
"臺中市龍井 第0257 開票所",山腳社 老人 館,"臺中市龍井 山腳里１１鄰中山２路１東巷１３５號",山腳里,9﹣15,22,23,""
"臺中市龍井 第0258 開票所",龍 國小( ),"臺中市龍井 龍 里１７鄰龍新路１６２號",龍 里,1﹣7,""
"臺中市龍井 第0259 開票所",龍 國小(二),"臺中市龍井 龍 里１７鄰龍新路１６２號",龍 里,8﹣10,13﹣15,""
"臺中市龍井 第0260 開票所",龍 國小(三),"臺中市龍井 龍 里１７鄰龍新路１６２號",龍 里,16﹣21,""
"臺中市龍井 第0261 開票所",聖,"臺中市龍井 龍 里１２鄰水裡社 １３１９號",龍 里,11,12,""
"臺中市龍井 第0262 開票所",錦忠宅 倉,"臺中市龍井 龍 里１２鄰水裡社 １３７８號",龍 里,22,""
"臺中市龍井 第0263 開票所",龍 社 中心,臺中市龍井 龍 里４鄰福恩 １５８號,龍 里,1﹣8,14,""
"臺中市龍井 第0264 開票所",永和,"臺中市龍井 龍 里６鄰 師路２ ６８號",龍 里,9﹣13,""
"臺中市龍井 第0265 開票所",龍峰國小( ),"臺中市龍井 新 里２３鄰中 路新 仔巷２號",新 里,1﹣7,""
"臺中市龍井 第0266 開票所",龍峰國小(二),"臺中市龍井 新 里２３鄰中 路新 仔巷２號",新 里,8﹣14,""
"臺中市龍井 第0267 開票所",龍峰國小(三),"臺中市龍井 新 里２３鄰中 路新 仔巷２號",新 里,15﹣20,""
"臺中市龍井 第0268 開票所",龍峰國小(四),"臺中市龍井 新 里２３鄰中 路新 仔巷２號",新 里,21﹣24,""
"臺中市龍井 第0269 開票所",南寮社 中心,"臺中市龍井 南寮里５鄰中 路南寮巷９０號",南寮里,全里,""
"臺中市龍井 第0270 開票所",東海里 中心,"臺中市龍井 東海里１０鄰藝術 １１５號",東海里,4,5,10,20,23,""
"","","",所屬里別,所屬鄰別,""
"臺中市龍井 第0271 開票所",比意廣,"臺中市龍井 東海里２３鄰藝術 ６０號面廣",東海里,6﹣9,21,""
"臺中市龍井 第0272 開票所",娃娃國幼兒園,"臺中市龍井 東海里１４鄰東海 １６４號",東海里,13,14,22,""
"臺中市龍井 第0273 開票所","圓圈 德祠(土地公廟)( )","臺中市龍井 東海里１７鄰遊園北路３６５號",東海里,1,12,15﹣17,""
"臺中市龍井 第0274 開票所","圓圈 德祠(土地公廟)(二)","臺中市龍井 東海里１７鄰遊園北路３６５號",東海里,2,3,11,18,19,""
"臺中市龍井 第0275 開票所",紅博士幼兒園( ),"臺中市龍井 新東里１８鄰遊園南路１０１巷１０５號",新東里,1﹣4,7,8,""
"臺中市龍井 第0276 開票所",紅博士幼兒園(二),"臺中市龍井 新東里１８鄰遊園南路１０１巷１０５號",新東里,10,12,17﹣19,""
"臺中市龍井 第0277 開票所",善祠,"臺中市龍井 新東里６鄰新興路７巷２８之１號",新東里,5,6,9,11,13﹣15,""
"臺中市龍井 第0278 開票所",新東社 中心,"臺中市龍井 新東里６鄰新興路７巷２８之１號",新東里,16,20﹣25,""
"臺中市大肚 第0279 開票所",王田社 中心,"臺中市大肚 王田里１０鄰興和路３１４號",王田里,1﹣12,""
"臺中市大肚 第0280 開票所",追分國小( ),"臺中市大肚 福山里１鄰 田路１ ３６４號",王田里,13﹣21,""
"臺中市大肚 第0281 開票所",追分國小(二),"臺中市大肚 福山里１鄰 田路１ ３６４號",王田里,22﹣29,""
"臺中市大肚 第0282 開票所",中和社 中心,臺中市大肚 中和里３鄰南榮路２９９號,中和里,全里,""
"臺中市大肚 第0283 開票所",福安 ( ),"臺中市大肚 福山里９鄰 田路１ ５１２巷４４之２號",福山里,1﹣5,""
"臺中市大肚 第0284 開票所",福安 (二),"臺中市大肚 福山里９鄰 田路１ ５１２巷４４之２號",福山里,6﹣14,""
"臺中市大肚 第0285 開票所",福山社 中心,"臺中市大肚 福山里１０鄰 田路１ ５１２巷３１號",福山里,15﹣21,""
"臺中市大肚 第0286 開票所",營 社 中心,臺中市大肚 營 里６鄰營 二 ４８號,營 里,全里,""
"臺中市大肚 第0287 開票所",福和,"臺中市大肚 社腳里２鄰 田路１ ７１０巷１２號",社腳里,1﹣5,16﹣20,""
"臺中市大肚 第0288 開票所",大忠國小,"臺中市大肚 社腳里９鄰 田路１ ８５４巷２４號",社腳里,6﹣15,""
"臺中市大肚 第0289 開票所","(舊)新興社 中心","臺中市大肚 新興里９鄰新興 １８巷１８號",新興里,1﹣9,""
"臺中市大肚 第0290 開票所","(新)新興社 中心","臺中市大肚 新興里９鄰 田路２ １３２巷４３ ３７號",新興里,10﹣16,""
"臺中市大肚 第0291 開票所",大道國中體育館,臺中市大肚 大東里１鄰仁德路６０號,大東里,22﹣29,""
"臺中市大肚 第0292 開票所",大東社 中心,"臺中市大肚 大東里２１鄰 田路２ ５６２巷１０８之５號",大東里,1﹣21,""
"臺中市大肚 第0293 開票所",合興,臺中市大肚 大肚里１０鄰平和 ５７號,大肚里,1﹣6,9﹣13,""
"臺中市大肚 第0294 開票所",大肚社 中心,"臺中市大肚 大肚里８鄰 田路２ ６４６號",大肚里,7﹣8,14﹣20,""
"臺中市大肚 第0295 開票所",永和社 中心,"臺中市大肚 永和里２鄰永和 １１之１號",永和里,全里,""
"臺中市大肚 第0296 開票所",磺溪社 中心,臺中市大肚 磺溪里９鄰文昌１ ５５號,磺溪里,全里,""
"臺中市大肚 第0297 開票所",永 社 中心,"臺中市大肚 永 里１２鄰文昌路２ ６４３號",永 里,全里,""
"臺中市大肚 第0298 開票所",成功社 中心,"臺中市大肚 成功里４鄰文昌路３ ３０１號",成功里,全里,""
"臺中市大肚 第0299 開票所",山 社 中心,"臺中市大肚 山 里１０鄰 田路３ ８８８巷９之１號",山 里,全里,""
"臺中市大肚 第0300 開票所",興社 中心,"臺中市大肚 頂 里１７鄰 田路３ ２４４巷９號",頂 里,9,14﹣25,""
"","","",所屬里別,所屬鄰別,""
"臺中市大肚 第0301 開票所",大肚國小,臺中市大肚 頂 里１０鄰 山路７７號,頂 里,1﹣8,10﹣13,""
"臺中市大肚 第0302 開票所",向 教,"臺中市大肚 頂 里４１鄰大明３ １５２號",頂 里,26﹣35,""
"臺中市大肚 第0303 開票所",日光郡老人 中心,"臺中市大肚 頂 里４３鄰大德６ ３０號",頂 里,36﹣43,""
"臺中市大肚 第0304 開票所",瑞安,"臺中市大肚 瑞井里４鄰瑞井路５２巷７之１號",瑞井里,1﹣7,""
"臺中市大肚 第0305 開票所",瑞井國小,"臺中市大肚 瑞井里１３鄰 山路６８０號",瑞井里,11﹣14,17﹣21,""
"臺中市大肚 第0306 開票所",瑞井社 中心,"臺中市大肚 瑞井里３鄰瑞井路６２巷１４之１號",瑞井里,8﹣10,15﹣16,22﹣24,""
"臺中市大肚 第0307 開票所",蔗廍社 中心,"臺中市大肚 蔗廍里１０鄰中 路１－２號",蔗廍里,1﹣11,""
"臺中市大肚 第0308 開票所",瑞峰國小( ),臺中市大肚 蔗廍里１６鄰太平路１號,蔗廍里,12﹣17,""
"臺中市大肚 第0309 開票所",瑞峰國小(二),臺中市大肚 蔗廍里１６鄰太平路１號,蔗廍里,18﹣24,""
"臺中市大肚 第0310 開票所",翠 寺,"臺中市大肚 自強里９鄰遊園路二 ２９２號",自強里,1﹣10,""
"臺中市大肚 第0311 開票所",自強社 中心,"臺中市大肚 自強里２３鄰中 路１６４巷５ １０４號",自強里,11﹣25,""
"臺中市烏日 第0312 開票所",烏日國小( ),臺中市烏日 中山路２ １９６號,烏日里,1﹣9,""
"臺中市烏日 第0313 開票所",烏日國小(二),"臺中市烏日 烏日里１６鄰中山路２ １９６號",烏日里,10﹣19,""
"臺中市烏日 第0314 開票所",烏日國小(三),"臺中市烏日 烏日里１６鄰中山路２ １９６號",烏日里,20﹣23,""
"臺中市烏日 第0315 開票所",烏日國小(四),"臺中市烏日 烏日里１６鄰中山路２ １９６號",烏日里,24﹣39,""
"臺中市烏日 第0316 開票所",烏日社 中心,"臺中市烏日 烏日里４２鄰光日路２２８號",烏日里,40﹣45,""
"臺中市烏日 第0317 開票所",日社 中心,"臺中市烏日 日里７鄰公園路７３６巷１０２號",日里,1﹣15,""
"臺中市烏日 第0318 開票所",烏日國中,臺中市烏日 日里８鄰新興路４５７號,日里,16﹣23,""
"臺中市烏日 第0319 開票所",朝天,"臺中市烏日 三和里１０鄰中山路３ 青仔巷１２４號",三和里,1﹣11,""
"臺中市烏日 第0320 開票所",三和社 中心,"臺中市烏日 三和里１２鄰中山路３ ４０３巷６ ３３號",三和里,12﹣14,""
"臺中市烏日 第0321 開票所",成功社 中心,"臺中市烏日 三和里１７鄰學田路便行巷２７０之１２號",三和里,15﹣32,""
"臺中市烏日 第0322 開票所",榮 社 中心,"臺中市烏日 榮 里４鄰榮 路３９巷７８號",榮 里,1﹣10,16﹣17,""
"臺中市烏日 第0323 開票所",旭光國小,"臺中市烏日 榮 里１８鄰成功西路１３號",榮 里,11﹣15,18﹣23,""
"臺中市烏日 第0324 開票所","學田社 老人 中心","臺中市烏日 學田里４鄰學田路５３７巷２０號",學田里,1﹣5,""
"臺中市烏日 第0325 開票所","學田社 中心(舊)","臺中市烏日 學田里４鄰學田路５３７巷２０號",學田里,6﹣12,""
"臺中市烏日 第0326 開票所",九德國小( ),"臺中市烏日 九德里１１鄰長 ３００號",九德里,1﹣3,7,12,""
"臺中市烏日 第0327 開票所",九德國小(二),"臺中市烏日 九德里１１鄰長 ３００號",九德里,4﹣6,""
"臺中市烏日 第0328 開票所",九德國小(三!),"臺中市烏日 九德里１１鄰長 ３００號",九德里,8﹣10,""
"臺中市烏日 第0329 開票所",九德國小(四),"臺中市烏日 九德里１１鄰長 ３００號",九德里,13﹣14,""
"臺中市烏日 第0330 開票所",九德國小(五),"臺中市烏日 九德里１１鄰長 ３００號",九德里,11,15﹣18,""
"","","",所屬里別,所屬鄰別,""
"臺中市烏日 第0331 開票所",九德國小(六),"臺中市烏日 九德里１１鄰長 ３００號",九德里,19﹣23,""
"臺中市烏日 第0332 開票所",九德社 中心,"臺中市烏日 九德里１７鄰興祥 １１９號",九德里,24﹣27,""
"臺中市烏日 第0333 開票所",仁德社 中心,臺中市烏日 仁德里５鄰信義 １１６號,仁德里,3﹣6,17,""
"臺中市烏日 第0334 開票所",僑仁國小( ),"臺中市烏日 仁德里７鄰中山路１ ３４１號",仁德里,1﹣2,7﹣11,""
"臺中市烏日 第0335 開票所",僑仁國小(二),"臺中市烏日 仁德里７鄰中山路１ ３４１號",仁德里,12﹣14,""
"臺中市烏日 第0336 開票所",僑仁國小(三),"臺中市烏日 仁德里７鄰中山路１ ３４１號",仁德里,15﹣16,18,""
"臺中市烏日 第0337 開票所",社 中心,"臺中市烏日 里１０鄰中山路１ 協心巷５７號",里,3,5﹣11,""
"臺中市烏日 第0338 開票所",台中天后,"臺中市烏日 里２鄰光明路勤農巷７號",里,1﹣2,4,12﹣13,""
"臺中市烏日 第0339 開票所","五光社 老人 中心",臺中市烏日 五光里３鄰五光路１０７號,五光里,全里,""
"臺中市烏日 第0340 開票所",光明社 中心,"臺中市烏日 光明里６鄰五光路復光４巷８９號",光明里,1﹣8,14﹣15,""
"臺中市烏日 第0341 開票所",永興,"臺中市烏日 光明里９鄰五光路復光２巷７１號",光明里,9﹣13,""
"臺中市烏日 第0342 開票所",東園國小,"臺中市烏日 東園里６鄰溪南路１ ２３８巷１９８號",東園里,全里,""
"臺中市烏日 第0343 開票所",南興,"臺中市烏日 溪埧里４鄰溪南路１ ６８０巷７５號",溪埧里,1﹣4,""
"臺中市烏日 第0344 開票所",溪埧社 中心,"臺中市烏日 溪埧里７鄰溪南路１ ６８０巷１１０號",溪埧里,5﹣8,11﹣12,""
"臺中市烏日 第0345 開票所",東勢園福德祠,"臺中市烏日 溪埧里１０鄰溪南路１ ３４６號",溪埧里,9﹣10,""
"臺中市烏日 第0346 開票所",螺 社 中心,"臺中市烏日 螺 里８鄰溪南路２ ２５７巷２８號",螺 里,全里,""
"臺中市烏日 第0347 開票所",北里社 中心,"臺中市烏日 北里里９鄰溪南路２ ６９６巷１５號",北里里,全里,""
"臺中市烏日 第0348 開票所",南里社 中心,"臺中市烏日 南里里２鄰溪南路３ １６６巷１號",南里里,全里,""
"臺中市烏日 第0349 開票所",溪尾里 中心,"臺中市烏日 溪尾里７鄰慶光路３０之５號",溪尾里,全里,""
"臺中市后里 第0350 開票所",廣福社 中心,臺中市后里 廣福里６鄰內東路９９號,廣福里,1﹣8,11,""
"臺中市后里 第0351 開票所",廣福七 中心,"臺中市后里 廣福里１３鄰寺山路３８巷６０號",廣福里,9,10,12﹣16,""
"臺中市后里 第0352 開票所",仁里社 中心,臺中市后里 仁里里４鄰圳寮路５５號,仁里里,全里,""
"臺中市后里 第0353 開票所",后里國小( ),"臺中市后里 義里里１２鄰甲后路１１０號",義里里,1﹣13,""
"臺中市后里 第0354 開票所",后里國小(二),"臺中市后里 義里里１２鄰甲后路１１０號",義里里,14﹣21,""
"臺中市后里 第0355 開票所",后里國小(三),"臺中市后里 義里里１２鄰甲后路１１０號",義德里,1﹣10,""
"臺中市后里 第0356 開票所",后里國小(四),"臺中市后里 義里里１２鄰甲后路１１０號",義德里,11﹣17,""
"臺中市后里 第0357 開票所",天主,臺中市后里 后里里４鄰三豐路３５１號,后里里,1,2,11,13,17﹣20,""
"臺中市后里 第0358 開票所",后里社 中心,"臺中市后里 后里里７鄰甲后路４７３巷４０號",后里里,3﹣8,14,15,""
"臺中市后里 第0359 開票所","忠厚社 中心(臺中市立后里幼兒園忠厚分 )","臺中市后里 厚里里７鄰甲后路４９０巷３號",后里里,9,10,12,16,21,22,""
"","","",所屬里別,所屬鄰別,""
"臺中市后里 第0361 開票所",厚里社 中心,"臺中市后里 厚里里８鄰九甲 路２５９號",厚里里,4﹣10,""
"臺中市后里 第0362 開票所",懷德,"臺中市后里 東里１９鄰文明路３１巷４４號",東里,1﹣3,15,19,23﹣25,""
"臺中市后里 第0363 開票所",內 國小(二),臺中市后里 東里１４鄰文化路３０號,東里,4,16﹣18,20,21,26,27,""
"臺中市后里 第0364 開票所",東社 中心,臺中市后里 東里５鄰平安路１３０號,東里,5﹣14,22,""
"臺中市后里 第0365 開票所","西里 中心(調解 )",臺中市后里 西里３鄰福音路８９號,西里,1﹣6,""
"臺中市后里 第0366 開票所",鎮安 室,臺中市后里 西里３鄰三光路４２號,西里,7﹣13,""
"臺中市后里 第0367 開票所",七 國小,臺中市后里 南里１鄰南 路３８９號,南里,1﹣3,5,6,10,14,""
"臺中市后里 第0368 開票所",南社 中心,臺中市后里 南里４鄰南 路１３４號,南里,4,7﹣9,11﹣13,""
"臺中市后里 第0369 開票所",北社 中心,"臺中市后里 北里１６鄰三光路１３９號",北里,1﹣8,""
"臺中市后里 第0370 開票所","北 所(原 北社 托兒所)",臺中市后里 北里１２鄰文化路５４號,北里,9﹣17,""
"臺中市后里 第0371 開票所",中和里長壽俱,臺中市后里 中和里８鄰中正路１３８號,中和里,1﹣7,""
"臺中市后里 第0372 開票所",中和社 中心,臺中市后里 中和里８鄰中正路１３８號,中和里,8﹣13,""
"臺中市后里 第0373 開票所",舊社社 中心,臺中市后里 舊社里５鄰舊社路９３號,舊社里,全里,""
"臺中市后里 第0374 開票所",聯合社 中心,臺中市后里 聯合里８鄰水門路５９號,聯合里,全里,""
"臺中市后里 第0375 開票所",太平社 中心,臺中市后里 太平里５鄰公舘路２１號,太平里,1﹣6,""
"臺中市后里 第0376 開票所",育英國小,臺中市后里 太平里９鄰四月路２３號,太平里,7﹣11,""
"臺中市后里 第0377 開票所",山社 中心,臺中市后里 山里８鄰甲后路９４０號,山里,1﹣7,16,17,""
"臺中市后里 第0378 開票所",月 國小,臺中市后里 山里８鄰甲后路９４０號,山里,8﹣15,""
"臺中市后里 第0379 開票所",月 社 中心,"臺中市后里 月 里５鄰 頭路公 巷９號",月 里,全里,""
"臺中市后里 第0380 開票所","公館 所(原公館社 托兒所)",臺中市后里 公館里３鄰三豐路３８６號,公館里,3,10﹣15,""
"臺中市后里 第0381 開票所",公館社 中心,"臺中市后里 公館里３鄰三豐路３９６之２８號",公館里,1,2,4﹣9,""
"臺中市后里 第0382 開票所",泰安社 中心,"臺中市后里 泰安里７鄰福興路６７之１號",泰安里,全里,""
"臺中市豐原 第0383 開票所",豐原國小（ ）,"臺中市豐原 豐榮里１２鄰新生北路１５５號",豐原里,1﹣12,""
"臺中市豐原 第0384 開票所",豐原國小（二）,"臺中市豐原 豐榮里１２鄰新生北路１５５號",豐原里,13﹣22,""
"臺中市豐原 第0385 開票所",豐原國小（三）,"臺中市豐原 豐榮里１２鄰新生北路１５５號",豐榮里,全里,""
"臺中市豐原 第0386 開票所",豐原國小（四）,"臺中市豐原 豐榮里１２鄰新生北路１５５號",頂 里,全里,""
"臺中市豐原 第0387 開票所",中山里福德祠,臺中市豐原 中山里１０鄰信義 ７３號,中山里,全里,""
"臺中市豐原 第0388 開票所",妙音禪寺,臺中市豐原 下 里４鄰忠孝 １１４號,下 里,全里,""
"臺中市豐原 第0389 開票所",南 國小（ ）,臺中市豐原 中 里５鄰南 路４４０號,中 里,1﹣8,""
"臺中市豐原 第0390 開票所",南 國小（二）,臺中市豐原 中 里５鄰南 路４４０號,中 里,9﹣14,20,""
"","","",所屬里別,所屬鄰別,""
"臺中市豐原 第0391 開票所",中 里 中心,臺中市豐原 中 里８鄰 １１６號,中 里,15﹣19,21﹣26,""
"臺中市豐原 第0392 開票所","大湳里 中心（）","臺中市豐原 大湳里２０鄰圓環北路１５１號",大湳里,1﹣18,""
"臺中市豐原 第0393 開票所","大湳里 中心（二）","臺中市豐原 大湳里２０鄰圓環北路１５１號",大湳里,19﹣26,""
"臺中市豐原 第0394 開票所",北湳里 中心,臺中市豐原 北湳里１１鄰三環路７２號,北湳里,1﹣13,""
"臺中市豐原 第0395 開票所",葫蘆 文物館,"臺中市豐原 北湳里１４鄰圓環北路二６５號",北湳里,14﹣24,""
"臺中市豐原 第0396 開票所",東湳里 中心,"臺中市豐原 東湳里６鄰三豐路７４２巷１４６ １４號",東湳里,1﹣3,7,19﹣24,""
"臺中市豐原 第0397 開票所",慈興,"臺中市豐原 東湳里１５鄰三豐路６１６號",東湳里,13﹣18,26﹣30,""
"臺中市豐原 第0398 開票所",北天 所,"臺中市豐原 東湳里６鄰三豐路７４２巷１４６ １６號",東湳里,4﹣6,8﹣12,25,""
"臺中市豐原 第0399 開票所",西湳里 中心,"臺中市豐原 西湳里１０鄰三豐路７９９巷１３３ ８號",西湳里,9﹣12,""
"臺中市豐原 第0400 開票所",北龍,"臺中市豐原 西湳里１０鄰三豐路７９９巷１３３ １１號",西湳里,13﹣16,22﹣24,""
"臺中市豐原 第0401 開票所",豐原國中（ ）,臺中市豐原 西湳里１鄰三豐路４６７號,西湳里,1,3,17,21,""
"臺中市豐原 第0402 開票所",豐原國中（二）,臺中市豐原 西湳里１鄰三豐路４６７號,西湳里,2,4,8,18,20,""
"臺中市豐原 第0403 開票所",葫蘆 國小,"臺中市豐原 西湳里５鄰葫蘆 ２５０號",西湳里,5﹣7,19,""
"臺中市豐原 第0404 開票所",國小,"臺中市豐原 豐西里１０鄰中山路４５５號",豐西里,全里,""
"臺中市豐原 第0405 開票所","(舊)圳寮社 中心",臺中市豐原 圳寮里１５鄰豐 路１號,圳寮里,全里,""
"臺中市豐原 第0406 開票所","(新)豐圳里 中心（ ）","臺中市豐原 豐圳里１９鄰成功路５２０號",豐圳里,1﹣15,""
"臺中市豐原 第0407 開票所","(新)豐圳里 中心（二）","臺中市豐原 豐圳里１９鄰成功路５２０號",豐圳里,16﹣30,""
"臺中市豐原 第0408 開票所",里橫 尾福德祠,"臺中市豐原 里３鄰 ２４之１號",里,全里,""
"臺中市豐原 第0409 開票所","公有第 零售市 3樓","臺中市豐原 葫蘆里１１鄰市 ８８號３樓",葫蘆里,全里,""
"臺中市豐原 第0410 開票所",西安里 中心,"臺中市豐原 西安里２鄰西安 ７２之２號",西安里,1﹣8,30,""
"臺中市豐原 第0411 開票所",瑞穗國小（ ）,臺中市豐原 西安里２鄰西安 ７２號,西安里,9﹣17,28,29,""
"臺中市豐原 第0412 開票所",瑞穗國小（二）,臺中市豐原 西安里２鄰西安 ７２號,西安里,18﹣27,""
"臺中市豐原 第0413 開票所",豐原高 （三）,臺中市豐原 西勢里７鄰圓環南路５０號,西勢里,1﹣10,""
"臺中市豐原 第0414 開票所",豐原高 （四）,臺中市豐原 西勢里７鄰圓環南路５０號,西勢里,11﹣19,""
"臺中市豐原 第0415 開票所","中興里 中心（）","臺中市豐原 中興里１６鄰三 路９８之１號",中興里,1﹣10,12,14,""
"臺中市豐原 第0416 開票所","中興里 中心（二）","臺中市豐原 中興里１６鄰三 路９８之１號",中興里,11,13,15﹣23,""
"臺中市豐原 第0417 開票所",社皮里舊 所,臺中市豐原 社皮里７鄰社皮路３號,社皮里,1,3﹣9,11,17,52,""
"臺中市豐原 第0418 開票所",社皮里德,"臺中市豐原 社皮里３５鄰社皮路１２３巷３號",社皮里,2,10,12,15,18,21﹣23,53,""
"臺中市豐原 第0419 開票所","社皮里德 來賓接待室","臺中市豐原 社皮里３５鄰社皮路１２３巷３號",社皮里,24﹣26,28﹣30,35﹣37,39,44,""
"臺中市豐原 第0420 開票所",豐原幼兒園社皮分,"臺中市豐原 社皮里３５鄰社皮路１２３巷５ ２號",社皮里,38,41﹣43,45﹣51,""
"","","",所屬里別,所屬鄰別,""
"臺中市豐原 第0421 開票所","重劃 鄰里公園管室",臺中市豐原 社皮里１６鄰社興五 ２號,社皮里,"13,14,16,19,20,27,31﹣34,40",""
"臺中市豐原 第0422 開票所",合作國小（ ）,"臺中市豐原 三 里１１鄰西勢路４１０號",三 里,8﹣10,12﹣15,23,24,""
"臺中市豐原 第0423 開票所",合作國小（二）,"臺中市豐原 三 里１１鄰西勢路４１０號",三 里,16,18﹣22,25,""
"臺中市豐原 第0424 開票所","三 里 中心（）","臺中市豐原 三 里１１鄰豐原大道６０９號",三 里,4﹣7,17,""
"臺中市豐原 第0425 開票所","三 里 中心（二）","臺中市豐原 三 里１１鄰豐原大道６０９號",三 里,1﹣3,11,""
"臺中市豐原 第0426 開票所",豐原高 （ ）,臺中市豐原 西勢里７鄰圓環南路５０號,東勢里,全里,""
"臺中市豐原 第0427 開票所",豐原高 （二）,臺中市豐原 西勢里７鄰圓環南路５０號,民生里,全里,""
"臺中市豐原 第0428 開票所","(新)田心里 中心（ ）",臺中市豐原 田心里４鄰市 路１號,田心里,1,2,4,5,23,25,27,""
"臺中市豐原 第0429 開票所","(新)田心里 中心（二）",臺中市豐原 田心里４鄰市 路１號,田心里,3,6﹣12,21,22,24,""
"臺中市豐原 第0430 開票所",豐原藝文館,臺中市豐原 田心里４鄰育仁路８１號,田心里,13﹣20,26,""
"臺中市豐原 第0431 開票所",民宜幼兒園,"臺中市豐原 豐田里１鄰豐原大道二 １８９號",豐田里,1﹣4,7,8,18,""
"臺中市豐原 第0432 開票所","(舊)豐田里民中心","臺中市豐原 田心里２８鄰田心路二 ２７２巷１號",豐田里,9,12,13,16,17,21,28,34,""
"臺中市豐原 第0433 開票所",豐田國小（ ）,"臺中市豐原 豐田里１３鄰田心路二 ２９０號",豐田里,5,6,11,19,20,23,""
"臺中市豐原 第0434 開票所",豐田國小（二）,"臺中市豐原 豐田里１３鄰田心路二 ２９０號",豐田里,14,15,29﹣33,""
"臺中市豐原 第0435 開票所",豐田里 中心,"臺中市豐原 田心里２５鄰永康路３４６巷３３號",豐田里,10,22,24﹣27,35,""
"臺中市豐原 第0436 開票所","鎌 里 中心（）","臺中市豐原 鎌 里１０鄰鎌 路４６５巷５８號",鎌 里,7,8,12﹣15,""
"臺中市豐原 第0437 開票所","鎌 里 中心（二）","臺中市豐原 鎌 里１０鄰鎌 路４６５巷５８號",鎌 里,9,10,16﹣20,""
"臺中市豐原 第0438 開票所","鎌 葡 產銷所","臺中市豐原 鎌 里５鄰鎌 路１０７巷７１號",鎌 里,1﹣6,11,""
"臺中市豐原 第0439 開票所",明里辦公處,臺中市豐原 明里５鄰 明 ７７號,明里,1﹣11,24,""
"臺中市豐原 第0440 開票所",明里 中心,臺中市豐原 明里５鄰 明 ７７號,明里,12﹣23,""
"臺中市豐原 第0441 開票所","南 里 中心1樓（ ）","臺中市豐原 南 里４鄰永康路１８１巷６號１樓",南 里,5﹣11,23,25,""
"臺中市豐原 第0442 開票所","南 里 中心1樓（二）","臺中市豐原 南 里４鄰永康路１８１巷６號１樓",南 里,12﹣15,27,28,""
"臺中市豐原 第0443 開票所","南 里 中心2樓（ ）","臺中市豐原 南 里４鄰永康路１８１巷６號２樓",南 里,24,26,""
"臺中市豐原 第0444 開票所","南 里 中心2樓（二）","臺中市豐原 南 里４鄰永康路１８１巷６號２樓",南 里,1﹣4,16,17,""
"臺中市豐原 第0445 開票所","南 里 中心地下室","臺中市豐原 南 里４鄰永康路１８１巷６號地下１樓",南 里,18﹣22,""
"臺中市豐原 第0446 開票所",豐東國中（ ）,臺中市豐原 北 里８鄰豐東路７５號,北 里,1﹣6,8,""
"臺中市豐原 第0447 開票所",豐東國中（二）,臺中市豐原 北 里８鄰豐東路７５號,北 里,9,10,""
"臺中市豐原 第0448 開票所",豐東國中（三）,臺中市豐原 北 里８鄰豐東路７５號,北 里,13﹣15,23,""
"臺中市豐原 第0449 開票所",(新)北 里 中心,"臺中市豐原 北 里７鄰豐東路１１８巷１８號",北 里,11,16,24,""
"臺中市豐原 第0450 開票所",廣福,臺中市豐原 北 里７鄰南 路１６０號,北 里,7,17,25,""
"","","",所屬里別,所屬鄰別,""
"臺中市豐原 第0451 開票所",豐原幼兒園北 分,"臺中市豐原 北 里１７鄰南 路１５８巷２號",北 里,12,18,26,""
"臺中市豐原 第0452 開票所",福 國小,"臺中市豐原 北 里２０鄰南 路綠山巷８３號",北 里,19﹣22,""
"臺中市豐原 第0453 開票所",東 里 中心,臺中市豐原 東 里３鄰東 路３０６號,東 里,全里,""
"臺中市豐原 第0454 開票所",豐 國小,"臺中市豐原 南 里１７鄰水源路３４１號",南 里,1﹣3,6,11,12,16,17,""
"臺中市豐原 第0455 開票所",南 里 中心,"臺中市豐原 南 里５鄰圓環東路９１８號",南 里,4,5,13,14,""
"臺中市豐原 第0456 開票所","臺中農田水利 八寶工作站","臺中市豐原 南 里１０鄰直興 １１９號",南 里,7﹣10,15,18,19,""
"臺中市豐原 第0457 開票所",豐 國中,臺中市豐原 南田里５鄰朝 路３３號,南田里,1﹣8,18﹣21,""
"臺中市豐原 第0458 開票所",豐原幼兒園南田分,"臺中市豐原 南田里２１鄰水源路１９２巷８０之１號",南田里,9﹣17,""
"臺中市豐原 第0459 開票所","豐原 圖書館南嵩分館","臺中市豐原 南嵩里４鄰水源路１７巷２號",南嵩里,1﹣7,13,20,""
"臺中市豐原 第0460 開票所",南嵩里 中心,"臺中市豐原 南嵩里５鄰水源路９巷１３３號",南嵩里,8﹣12,14﹣19,""
"臺中市豐原 第0461 開票所",翁明里 中心,"臺中市豐原 翁明里１０鄰東仁 １２５號",翁明里,全里,""
"臺中市豐原 第0462 開票所",翁子國小,"臺中市豐原 翁子里５鄰豐勢路二 ２９０巷３號",翁子里,1﹣12,""
"臺中市豐原 第0463 開票所",翁子里 中心,"臺中市豐原 翁子里５鄰豐勢路二 ２９０巷１２號",翁子里,13﹣25,""
"臺中市豐原 第0464 開票所",翁社里 中心,臺中市豐原 翁社里９鄰豐年路１５８號,翁社里,1﹣9,""
"臺中市豐原 第0465 開票所","豐原幼兒園本園(翁社)","臺中市豐原 翁社里１２鄰豐年路１５１號",翁社里,10﹣18,""
"臺中市豐原 第0466 開票所",朴子里 中心,"臺中市豐原 朴子里５鄰豐勢路二 ５３５巷１１９號",朴子里,4﹣8,13,14,""
"臺中市豐原 第0467 開票所",中心,臺中市豐原 朴子里１鄰 三 ２０號,朴子里,1﹣3,11,12,""
"臺中市豐原 第0468 開票所",豐原幼兒園朴子分,"臺中市豐原 朴子里５鄰豐勢路二 ５３５巷１２８號",朴子里,9,10,15﹣17,""
"臺中市神岡 第0469 開票所",神岡國小( ),臺中市神岡 神岡里２鄰神圳路１號,神岡里,1﹣9,""
"臺中市神岡 第0470 開票所",神岡國小(二),臺中市神岡 神岡里２鄰神圳路１號,神岡里,10﹣21,""
"臺中市神岡 第0471 開票所","里民 中心( )",臺中市神岡 里８鄰神林路３５號,里,1﹣6,""
"臺中市神岡 第0472 開票所","里民 中心(二)",臺中市神岡 里８鄰神林路３５號,里,7﹣10,""
"臺中市神岡 第0473 開票所","北 社 中心( )","臺中市神岡 北 里１５鄰中山路１２４４號",北 里,1﹣9,""
"臺中市神岡 第0474 開票所","北 社 中心(二)","臺中市神岡 北 里１５鄰中山路１２４４號",北 里,10﹣18,""
"臺中市神岡 第0475 開票所","後社 中心( )","臺中市神岡 後里１０鄰厚生路１１８之１０號",後里,1﹣7,""
"臺中市神岡 第0476 開票所","後社 中心(二)","臺中市神岡 後里１０鄰厚生路１１８之１０號",後里,8﹣14,""
"臺中市神岡 第0477 開票所","圳 社 中心( )",臺中市神岡 圳 里８鄰三民路３４９號,圳 里,1﹣8,""
"臺中市神岡 第0478 開票所","圳 社 中心(二)",臺中市神岡 圳 里８鄰三民路３４９號,圳 里,9﹣17,""
"臺中市神岡 第0479 開票所",圳 國小( ),臺中市神岡 圳 里５鄰三民路６３９號,圳 里,1﹣9,""
"臺中市神岡 第0480 開票所",圳 國小(二),臺中市神岡 圳 里５鄰三民路６３９號,圳 里,10﹣16,""
"","","",所屬里別,所屬鄰別,""
"臺中市神岡 第0481 開票所",新 社 中心,"臺中市神岡 新 里１５鄰和睦路３６０號",新 里,1﹣8,""
"臺中市神岡 第0482 開票所","神岡 新 幼兒園( )","臺中市神岡 新 里１５鄰和睦路１ ３５８巷２０號",新 里,9﹣16,""
"臺中市神岡 第0483 開票所","神岡 新 幼兒園(二)","臺中市神岡 新 里１５鄰和睦路１ ３５８巷２０號",新 里,17﹣22,""
"臺中市神岡 第0484 開票所",山皮寶山,臺中市神岡 山皮里６鄰光復路２１２號,山皮里,全里,""
"臺中市神岡 第0485 開票所",社口國小( ),"臺中市神岡 社南里２０鄰社南 １３６號",社口里,1﹣6,""
"臺中市神岡 第0486 開票所",社口國小(二),"臺中市神岡 社南里２０鄰社南 １３６號",社口里,7﹣11,""
"臺中市神岡 第0487 開票所",社口國小(三),"臺中市神岡 社南里２０鄰社南 １３６號",社口里,12﹣16,""
"臺中市神岡 第0488 開票所",社口國小(四),"臺中市神岡 社南里２０鄰社南 １３６號",社口里,17﹣24,""
"臺中市神岡 第0489 開票所",社口國小(五),"臺中市神岡 社南里２０鄰社南 １３６號",社口里,25﹣29,""
"臺中市神岡 第0490 開票所",神岡國中( ),臺中市神岡 社南里８鄰中山路６２７號,社南里,1﹣3,""
"臺中市神岡 第0491 開票所",神岡國中(二),臺中市神岡 社南里８鄰中山路６２７號,社南里,4﹣10,""
"臺中市神岡 第0492 開票所",神岡國中(三),臺中市神岡 社南里８鄰中山路６２７號,社南里,11﹣15,""
"臺中市神岡 第0493 開票所",神岡國中(四),臺中市神岡 社南里８鄰中山路６２７號,社南里,16﹣20,""
"臺中市神岡 第0494 開票所","三角社 中心( )","臺中市神岡 三角里１２鄰三社路１９５號",三角里,1﹣11,""
"臺中市神岡 第0495 開票所","三角社 中心(二)","臺中市神岡 三角里１２鄰三社路１９５號",三角里,12﹣19,""
"臺中市神岡 第0496 開票所",岸裡國小( ),臺中市神岡 岸裡里３鄰中山路５２號,大社里,1﹣11,""
"臺中市神岡 第0497 開票所",岸裡國小(二),臺中市神岡 岸裡里３鄰中山路５２號,大社里,12﹣16,""
"臺中市神岡 第0498 開票所",岸裡國小(三),臺中市神岡 岸裡里３鄰中山路５２號,大社里,17﹣21,""
"臺中市神岡 第0499 開票所",岸裡國小(四),臺中市神岡 岸裡里３鄰中山路５２號,岸裡里,1﹣7,""
"臺中市神岡 第0500 開票所",岸裡國小(五),臺中市神岡 岸裡里３鄰中山路５２號,岸裡里,8﹣15,""
"臺中市神岡 第0501 開票所",豐 國小( ),"臺中市神岡 豐 里１５鄰豐 路４８２號",豐 里,1﹣7,""
"臺中市神岡 第0502 開票所",豐 國小(二),"臺中市神岡 豐 里１５鄰豐 路４８２號",豐 里,8﹣13,""
"臺中市神岡 第0503 開票所",豐 國小(三),"臺中市神岡 豐 里１５鄰豐 路４８２號",豐 里,14﹣19,""
"臺中市神岡 第0504 開票所",豐 國小(四),"臺中市神岡 豐 里１５鄰豐 路４８２號",豐 里,20﹣25,""
"臺中市神岡 第0505 開票所",豐 國小(五),"臺中市神岡 豐 里１５鄰豐 路４８２號",豐 里,26﹣32,""
"臺中市神岡 第0506 開票所",豐 國小(六),"臺中市神岡 豐 里１５鄰豐 路４８２號",豐 里,33﹣37,""
"臺中市神岡 第0507 開票所","神 社 中心( )","臺中市神岡 神 里８鄰豐 路９１６巷３８ ９６號",神 里,1﹣6,""
"臺中市神岡 第0508 開票所","神 社 中心(二)","臺中市神岡 神 里８鄰豐 路９１６巷３８ ９６號",神 里,7﹣12,""
"臺中市神岡 第0509 開票所","溪 社 中心( )","臺中市神岡 溪 里５鄰豐 路１０７６號",溪 里,1﹣6,""
"臺中市神岡 第0510 開票所","溪 社 中心(二)","臺中市神岡 溪 里５鄰豐 路１０７６號",溪 里,7﹣12,""
"","","",所屬里別,所屬鄰別,""
"臺中市大 第0511 開票所",大 國中( ),"臺中市大 大 里２０鄰學府路２８０號",里,1﹣8,""
"臺中市大 第0512 開票所",大 國中(二),"臺中市大 大 里２０鄰學府路２８０號",里,9﹣15,""
"臺中市大 第0513 開票所",大 國中(三),"臺中市大 大 里２０鄰學府路２８０號",里,16﹣24,""
"臺中市大 第0514 開票所",大 國小( ),"臺中市大 二和里１０鄰學府路２３０號",大 里,1﹣7,""
"臺中市大 第0515 開票所",大 國小(二),"臺中市大 二和里１０鄰學府路２３０號",大 里,8﹣16,""
"臺中市大 第0516 開票所",大 國小(三),"臺中市大 二和里１０鄰學府路２３０號",大 里,17﹣27,""
"臺中市大 第0517 開票所",文 國小( ),"臺中市大 文 里１２鄰中山北路２３５號",文 里,1﹣9,""
"臺中市大 第0518 開票所",文 國小(二),"臺中市大 文 里１２鄰中山北路２３５號",文 里,10﹣18,""
"臺中市大 第0519 開票所",文 國小(三),"臺中市大 文 里１２鄰鄰中山北路２３５號",文 里,19﹣25,""
"臺中市大 第0520 開票所","三和里 所(建興樓下)","臺中市大 三和里２鄰建興路１９２巷１號",三和里,1﹣6,24﹣27,""
"臺中市大 第0521 開票所",敬軍新 中心,"臺中市大 三和里１３鄰港尾路１１０號",三和里,7﹣13,""
"臺中市大 第0522 開票所",三和國小( ),臺中市大 三和里１鄰 亭二 １號,三和里,14﹣23,""
"臺中市大 第0523 開票所",大 國小(四),"臺中市大 二和里１０鄰學府路２３０號",二和里,1﹣8,""
"臺中市大 第0524 開票所",大 國小(五),"臺中市大 二和里１０鄰學府路２３０號",二和里,9﹣15,""
"臺中市大 第0525 開票所",大 國小(六),"臺中市大 二和里１０鄰學府路２３０號",二和里,16﹣23,""
"臺中市大 第0526 開票所",大 國中( ),"臺中市大 四德里１０鄰 環路 ２號",四德里,1﹣8,""
"臺中市大 第0527 開票所",大 國中(二),"臺中市大 四德里１０鄰 環路 ２號",四德里,9﹣16,""
"臺中市大 第0528 開票所",大 國中(三),"臺中市大 四德里１０鄰 環路 ２號",四德里,17﹣24,""
"臺中市大 第0529 開票所",三和國小(二),臺中市大 三和里１鄰 亭二 １號,西寶里,1﹣9,""
"臺中市大 第0530 開票所",三和國小(三),臺中市大 三和里１鄰 亭二 １號,西寶里,10﹣14,""
"臺中市大 第0531 開票所",三和國小(四),臺中市大 三和里１鄰 亭二 １號,西寶里,15﹣21,""
"臺中市大 第0532 開票所",楓國小( ),"臺中市大 楓里１９鄰楓林 ２３２號",楓里,1﹣9,""
"臺中市大 第0533 開票所",楓國小(二),"臺中市大 楓里１９鄰楓林 ２３２號",楓里,10﹣18,""
"臺中市大 第0534 開票所",天壽 中心,"臺中市大 楓里２４鄰民生路三 ４１５巷１２號",楓里,19﹣25,""
"臺中市大 第0535 開票所","(新)大楓社 中心","臺中市大 楓里２２鄰 楓 １０６號",大楓里,1﹣7,""
"臺中市大 第0536 開票所","(新) 楓社 中心","臺中市大 楓里２２鄰 楓 １０８號",大楓里,8﹣12,""
"臺中市大 第0537 開票所","(舊) 楓社 中心","臺中市大 大楓里１５鄰德勝路３２３號",大楓里,13﹣20,""
"臺中市大 第0538 開票所",中國城景 景大樓大,"臺中市大 楓里９鄰神林南路１１５巷７１號",楓里,1﹣9,""
"臺中市大 第0539 開票所",停四停車 管 室,"臺中市大 楓里１１鄰神林南路１４６巷７號",楓里,10﹣19,""
"臺中市大 第0540 開票所","麥根小學 (舊大明分校)","臺中市大 林里１６鄰大林路２１１巷１４號",林里,7,13﹣18,""
"","","",所屬里別,所屬鄰別,""
"臺中市大 第0541 開票所","林社 中心( )","臺中市大 林里１４鄰大林路２１２巷７３之１號",林里,1﹣6,""
"臺中市大 第0542 開票所","林社 中心(二)","臺中市大 林里１４鄰大林路２１２巷７３之１號",林里,8﹣10,30,""
"臺中市大 第0543 開票所",大明國小( ),"臺中市大 林里２２鄰中清路四 １５８號",林里,11,12,19,20,""
"臺中市大 第0544 開票所",大明國小(二),"臺中市大 林里２２鄰中清路四 １５８號",林里,21﹣24,""
"臺中市大 第0545 開票所",大明國小(三),"臺中市大 林里２２鄰中清路四 １５８號",林里,25﹣29,""
"臺中市大 第0546 開票所","六寶社 中心(和平路)","臺中市大 六寶里９鄰和平路９２之１號",六寶里,5﹣9,13,14,""
"臺中市大 第0547 開票所","六寶社 文化 中心(文化路)","臺中市大 六寶里２９鄰文化路１３２號",六寶里,18,19,24﹣32,""
"臺中市大 第0548 開票所",六寶國小( ),"臺中市大 六寶里３鄰光復路１５之２號",六寶里,11,12,15﹣17,20﹣23,33,""
"臺中市大 第0549 開票所",六寶國小(二),"臺中市大 六寶里３鄰光復路１５之２號",六寶里,1﹣4,10,""
"臺中市大 第0550 開票所","(舊)秀山社 中心",臺中市大 秀山里７鄰平和 路１號,秀山里,1﹣10,18,""
"臺中市大 第0551 開票所",明國小,"臺中市大 秀山里１６鄰秀山路３６５號",秀山里,11﹣17,""
"臺中市大 第0552 開票所",文幼兒園禮,臺中市大 橫山里２鄰中山路１１號,橫山里,2,3,15,18,19,""
"臺中市大 第0553 開票所",橫山社 中心,臺中市大 橫山里５鄰振興路２２８號,橫山里,1,4,5,8,9,""
"臺中市大 第0554 開票所",永和,臺中市大 橫山里６鄰永和路７６號,橫山里,6,7,10﹣14,16,17,""
"臺中市大 第0555 開票所",忠義社 中心,臺中市大 忠義里４鄰仁愛路８０號,忠義里,1﹣7,19,20,22,24,""
"臺中市大 第0556 開票所",汝鎏國小,臺中市大 秀山里１鄰平和路２３８號,忠義里,8﹣18,21,23,""
"臺中市 子 第0557 開票所",秀社 中心,"臺中市 子 秀里８鄰 路１ ３９巷１０號",秀里,全里,""
"臺中市 子 第0558 開票所",北社 中心,"臺中市 子 北里７鄰 子 ３ 公巷５２號",北里,1﹣8,""
"臺中市 子 第0559 開票所",子幼兒園 北分,"臺中市 子 北里８鄰 子 ３ 公巷１８號",北里,9﹣16,""
"臺中市 子 第0560 開票所",子國中( ),"臺中市 子 里８鄰 興路２ ４１９巷１號",里,1﹣3,6,15,""
"臺中市 子 第0561 開票所",子國中(二),"臺中市 子 里８鄰 興路２ ４１９巷１號",里,4,5,13,14,""
"臺中市 子 第0562 開票所",子國中(三),"臺中市 子 里８鄰 興路２ ４１９巷１號",里,7,8,16,""
"臺中市 子 第0563 開票所",國小( ),臺中市 子 里１２鄰 路１９號,里,9,10,17﹣20,""
"臺中市 子 第0564 開票所",國小(二),臺中市 子 里１２鄰 路１９號,里,11,12,""
"臺中市 子 第0565 開票所",臺中市立 子幼兒園,"臺中市 子 里２２鄰中山路２ ２４１巷１號",里,21,""
"臺中市 子 第0566 開票所",子 長青館,"臺中市 子 里２２鄰中山路２ ２３７巷９號２樓( 防分隊 )",里,22,23,""
"臺中市 子 第0567 開票所",福仁社 中心,"臺中市 子 福仁里８鄰新興路１ ２３１號",福仁里,1﹣5,8,23,""
"臺中市 子 第0568 開票所",僑忠國小( ),"臺中市 子 福仁里１７鄰中山路２ ３１號",福仁里,13,19,20,26,""
"臺中市 子 第0569 開票所",僑忠國小(二),"臺中市 子 福仁里１７鄰中山路２ ３１號",福仁里,15﹣18,22,27,28,""
"臺中市 子 第0570 開票所",家天下 室,"臺中市 子 福仁里２５鄰合作 ３８巷１８號",福仁里,6,10﹣12,25,""
"","","",所屬里別,所屬鄰別,""
"臺中市 子 第0571 開票所",天寶彌勒佛院,臺中市 子 福仁里９鄰大新路５２號,福仁里,7,9,14,21,24,""
"臺中市 子 第0572 開票所",得天,臺中市 子 頭家里４鄰得天 ３３號,頭家里,1﹣6,10,""
"臺中市 子 第0573 開票所",頭家里 中心,臺中市 子 精忠新城１０１號,頭家里,9,11﹣14,""
"臺中市 子 第0574 開票所",頭家國小,"臺中市 子 頭家里１６鄰得福 １８５號",頭家里,7,15﹣19,""
"臺中市 子 第0575 開票所",客西馬尼行道,"臺中市 子 頭家東里４鄰大成 １２０巷１８號",頭家東里,1﹣9,""
"臺中市 子 第0576 開票所",陳崑明宅,"臺中市 子 頭家東里１１鄰中山路１２１８號",頭家東里,10﹣16,""
"臺中市 子 第0577 開票所",擁抱家園 室,"臺中市 子 家興里１１鄰榮興 ８３巷１０號",家興里,6,9﹣12,""
"臺中市 子 第0578 開票所","新中元年大樓C棟媽媽教室","臺中市 子 家興里２鄰中山路１ ７巷１０號",家興里,1﹣5,""
"臺中市 子 第0579 開票所",劉添 宅,"臺中市 子 家興里１６鄰大通 ９３巷６７ ５號",家興里,7,8,13﹣20,""
"臺中市 子 第0580 開票所",家福社 中心,"臺中市 子 家福里１鄰中山路１ １０１巷７號",家福里,1﹣10,""
"臺中市 子 第0581 開票所",台中京城管 委,"臺中市 子 家福里１０鄰頭 路１ １１７巷１７ ２１號",家福里,11﹣17,""
"臺中市 子 第0582 開票所",子幼兒園 分,"臺中市 子 里２１鄰中山路２ ２３７巷９號１樓(請由興 １路口 入)",甘蔗里,1﹣3,8,17,21,""
"臺中市 子 第0583 開票所",甘蔗社 中心,"臺中市 子 甘蔗里１８鄰勝利路３１０號",甘蔗里,4﹣7,12,18,19,""
"臺中市 子 第0584 開票所",地 事務所,"臺中市 子 甘蔗里２５鄰勝利路１６５號",甘蔗里,11,24﹣27,""
"臺中市 子 第0585 開票所",愛恩 幼兒園,"臺中市 子 甘蔗里２２鄰勝利５ ４１號",甘蔗里,9,10,13﹣16,20,22,23,""
"臺中市 子 第0586 開票所","子國小(課後照顧)","臺中市 子 秀里８鄰中山路２ ４３５號(由興 路後門入)",甘蔗里,4,7,17﹣19,""
"臺中市 子 第0587 開票所","東寶國小(105低碳教室)",臺中市 子 東寶里８鄰 路３ ２號,東寶里,8,13﹣16,""
"臺中市 子 第0588 開票所",東寶社 中心,"臺中市 子 東寶里２１鄰昌平路３ ４９２巷１７０ ２１號",東寶里,17,18,21,22,""
"臺中市 子 第0589 開票所",小叮噹幼兒園,"臺中市 子 東寶里１９鄰大 路１ ４８之１號",東寶里,19,20,23,28,""
"臺中市 子 第0590 開票所",得寶名邸 室,"臺中市 子 東寶里２鄰 路２ １５２巷８０號",東寶里,1﹣3,9,""
"臺中市 子 第0591 開票所",陳銘森宅,"臺中市 子 東寶里４鄰大豐路２ １００巷１５號",東寶里,4,5,11,""
"臺中市 子 第0592 開票所",農 東寶信用,"臺中市 子 東寶里７鄰 路２ ３８２號",東寶里,6,7,10,12,""
"臺中市 子 第0593 開票所",趙榮聰宅,臺中市 子 東寶里２４鄰大德南路２號,東寶里,24﹣27,""
"臺中市 子 第0594 開票所",大 社 中心,"臺中市 子 大 里４鄰民 路３ ３５號",大 里,全里,""
"臺中市 子 第0595 開票所",大豐社 中心,"臺中市 子 大豐里７鄰 路２ １５７巷５－１號",大豐里,5﹣8,12,""
"臺中市 子 第0596 開票所",子大第中,"臺中市 子 大豐里９鄰大豐路２ １２２巷１１號",大豐里,1﹣4,13,14,17,18,""
"臺中市 子 第0597 開票所","力敏股份有限公司(辦公室)","臺中市 子 大豐里１７鄰 路２ ２１７號",大豐里,9﹣11,15,16,""
"臺中市 子 第0598 開票所",栗林社 中心,"臺中市 子 栗林里１３鄰祥和路１２８號",栗林里,6,7,12,13,""
"臺中市 子 第0599 開票所",私立弘文中學 室,"臺中市 子 栗林里１１鄰中山路３ ２２１巷９６號",栗林里,1﹣4,8﹣11,""
"臺中市 子 第0600 開票所","栗林里 所(守望助隊 )","臺中市 子 大豐里１３鄰民生 １２８－１號",栗林里,5,14﹣16,""
"","","",所屬里別,所屬鄰別,""
"臺中市 子 第0601 開票所",仁社 中心,"臺中市 子 仁里８鄰仁愛路２ ４４號",仁里,1﹣9,""
"臺中市 子 第0602 開票所","仁社 中心(守望 助隊 )","臺中市 子 仁里８鄰仁愛路２ ４４號",仁里,10﹣20,""
"臺中市 子 第0603 開票所",新田社 中心,"臺中市 子 新田里３鄰豐興路２ ４１２號",新田里,全里,""
"臺中市 子 第0604 開票所",新興國小(1甲),"臺中市 子 聚興里８鄰 興路１ ２５號",聚興里,1﹣9,17﹣19,""
"臺中市 子 第0605 開票所",聚興社 中心,"臺中市 子 聚興里９鄰 興路１ ２４號",聚興里,10﹣16,""
"臺中市西屯 第0606 開票所",西屯國小( ),"臺中市西屯 西安里３鄰西屯路２ ３００號",西安里,1﹣8,24,29,""
"臺中市西屯 第0607 開票所",西屯國小(二),"臺中市西屯 西安里３鄰西屯路２ ３００號",西安里,9﹣17,""
"臺中市西屯 第0608 開票所",至善國中( ),"臺中市西屯 至善里７鄰青海路２ ３０８號",西安里,18﹣23,25﹣28,""
"臺中市西屯 第0609 開票所",至善國中(二),"臺中市西屯 至善里７鄰青海路２ ３０８號",至善里,1﹣6,8,""
"臺中市西屯 第0610 開票所",至善國中(三),"臺中市西屯 至善里７鄰青海路２ ３０８號",至善里,7,9﹣13,""
"臺中市西屯 第0611 開票所",安國小( ),"臺中市西屯 至善里１６鄰 安路１５６號",至善里,14﹣20,""
"臺中市西屯 第0612 開票所",西屯國小(三),"臺中市西屯 西安里３鄰西屯路２ ３００號",西平里,1﹣7,""
"臺中市西屯 第0613 開票所",西屯國小(四),"臺中市西屯 西安里３鄰西屯路２ ３００號",西平里,8﹣13,""
"臺中市西屯 第0614 開票所",西屯國小(五),"臺中市西屯 西安里３鄰西屯路２ ３００號",西平里,14﹣25,""
"臺中市西屯 第0615 開票所",西屯國小(六),"臺中市西屯 西安里３鄰西屯路２ ３００號",西 里,1﹣8,""
"臺中市西屯 第0616 開票所",西屯國小(七),"臺中市西屯 西安里３鄰西屯路２ ３００號",西 里,9﹣16,""
"臺中市西屯 第0617 開票所",西屯國小(八),"臺中市西屯 西安里３鄰西屯路２ ３００號",西 里,17﹣27,""
"臺中市西屯 第0618 開票所",福德祠 廣,臺中市西屯 潮 里３鄰龍門二 ３０號,潮 里,1﹣7,""
"臺中市西屯 第0619 開票所",潮 里 中心( ),"臺中市西屯 潮 里１９鄰市 北二路４００號",潮 里,8﹣17,""
"臺中市西屯 第0620 開票所",潮 里 中心(二),"臺中市西屯 潮 里１９鄰市 北二路４００號",潮 里,18﹣21,""
"臺中市西屯 第0621 開票所",龍聖 廣,"臺中市西屯 龍 里３鄰龍 巷２４之１號",龍 里,全里,""
"臺中市西屯 第0622 開票所",來國小教室,"臺中市西屯 來里２８鄰文中路１６８號",來里,"1,2,10,14,16,21,22,25,27,30,32,42﹣44",""
"臺中市西屯 第0623 開票所","團法人 頓市幼兒園( )","臺中市西屯 來里３７鄰 文５ ６５號",來里,8﹣9,35﹣36,""
"臺中市西屯 第0624 開票所","團法人 頓市幼兒園(二)","臺中市西屯 來里３７鄰 文５ ６５號",來里,37﹣40,""
"臺中市西屯 第0625 開票所","臺中市私立大 幼兒園( )",臺中市西屯 來里１２鄰 民路５１號,來里,3﹣5,""
"臺中市西屯 第0626 開票所","臺中市私立大 幼兒園(二)",臺中市西屯 來里１２鄰 民路５１號,來里,6﹣7,19,""
"臺中市西屯 第0627 開票所","臺中市私立大 幼兒園(三)",臺中市西屯 來里１２鄰 民路５１號,來里,12,15,17,20,""
"臺中市西屯 第0628 開票所",來里 中心,"臺中市西屯 來里３１鄰西屯路２ ２１２巷１號",來里,"11,13,18,23,24,26,28,29,31,33,34,41",""
"臺中市西屯 第0629 開票所",石國小( ),"臺中市西屯 石里８鄰西屯路２ 石南六巷２５號",石里,1﹣8,""
"臺中市西屯 第0630 開票所",石國小(二),"臺中市西屯 石里８鄰西屯路２ 石南六巷２５號",石里,9﹣15,""
"","","",所屬里別,所屬鄰別,""
"臺中市西屯 第0631 開票所",石國小(三),"臺中市西屯 石里８鄰西屯路２ 石南六巷２５號",石里,16﹣23,""
"臺中市西屯 第0632 開票所",安國小(二),"臺中市西屯 至善里１６鄰 安路１５６號",安里,1﹣6,""
"臺中市西屯 第0633 開票所",安國小(三),"臺中市西屯 至善里１６鄰 安路１５６號",安里,7﹣14,""
"臺中市西屯 第0634 開票所",安國小(四),"臺中市西屯 至善里１６鄰 安路１５６號",安里,15﹣22,""
"臺中市西屯 第0635 開票所",玉,"臺中市西屯 德里５鄰 石路１９－３號",德里,2﹣11,28,""
"臺中市西屯 第0636 開票所",石國小(四),"臺中市西屯 石里８鄰西屯路２ 石南六巷２５號",德里,12﹣15,18,26,27,29,""
"臺中市西屯 第0637 開票所",石國小(五),"臺中市西屯 石里８鄰西屯路２ 石南六巷２５號",德里,1,16,17,19﹣25,""
"臺中市西屯 第0638 開票所",西屯圖書館戶外舞台,臺中市西屯 甲里８鄰福 路６６６號,甲里,1﹣7,""
"臺中市西屯 第0639 開票所","世全汽車駕 (試教室)","臺中市西屯 福里２５鄰福 路６６９號",甲里,8﹣18,""
"臺中市西屯 第0640 開票所","石 安 德里聯防守望 助隊","臺中市西屯 石里１０鄰西屯路２ 與湳子巷口 石公園內",甲里,19﹣28,""
"臺中市西屯 第0641 開票所",福里 中心,"臺中市西屯 福里５鄰福 巷２４９之１號",福里,1﹣11,""
"臺中市西屯 第0642 開票所",長安國小( ),臺中市西屯 何仁里２５鄰櫻 路１８號,福里,12﹣18,33﹣35,""
"臺中市西屯 第0643 開票所",倉,臺中市西屯 福里２７鄰慶和 ３１號,福里,19﹣32,""
"臺中市西屯 第0644 開票所","大 新城A3棟 中心( )",臺中市西屯 程里１５鄰文 路５０號,程里,1﹣11,""
"臺中市西屯 第0645 開票所","大 新城A3棟 中心(二)",臺中市西屯 程里１５鄰文 路５０號,程里,12﹣25,""
"臺中市西屯 第0646 開票所",漢口國中( ),"臺中市西屯 何明里３鄰漢口路１ ５４之１號",何厝里,1﹣12,""
"臺中市西屯 第0647 開票所",漢口國中(二),"臺中市西屯 何明里３鄰漢口路１ ５４之１號",何厝里,13﹣21,""
"臺中市西屯 第0648 開票所",漢口國中(三),"臺中市西屯 何明里３鄰漢口路１ ５４之１號",何明里,1﹣7,25,""
"臺中市西屯 第0649 開票所",漢口國中(四),"臺中市西屯 何明里３鄰漢口路１ ５４之１號",何明里,8﹣15,22,""
"臺中市西屯 第0650 開票所",漢口國中(五),"臺中市西屯 何明里３鄰漢口路１ ５４之１號",何明里,16﹣21,23﹣24,""
"臺中市西屯 第0651 開票所",東興國小( ),臺中市南屯 大 里１鄰大隆路７１號,何南里,1﹣9,""
"臺中市西屯 第0652 開票所",東興國小(二),臺中市南屯 大 里１鄰大隆路７１號,何南里,10﹣17,""
"臺中市西屯 第0653 開票所",東興國小(三),臺中市南屯 大 里１鄰大隆路７１號,何南里,18﹣25,""
"臺中市西屯 第0654 開票所",東興國小(四),臺中市南屯 大 里１鄰大隆路７１號,何成里,1﹣9,""
"臺中市西屯 第0655 開票所",東興國小(五),臺中市南屯 大 里１鄰大隆路７１號,何成里,10﹣20,""
"臺中市西屯 第0656 開票所",東興國小(六),臺中市南屯 大 里１鄰大隆路７１號,何成里,21﹣29,""
"臺中市西屯 第0657 開票所",東興國小(七),臺中市南屯 大 里１鄰大隆路７１號,何成里,30﹣38,""
"臺中市西屯 第0658 開票所",何厝國小( ),臺中市西屯 何安里２鄰重慶路１號,何安里,1﹣12,""
"臺中市西屯 第0659 開票所",何厝國小(二),臺中市西屯 何安里２鄰重慶路１號,何安里,13﹣22,""
"臺中市西屯 第0660 開票所",何厝國小(三),臺中市西屯 何安里２鄰重慶路１號,何安里,23﹣36,""
"","","",所屬里別,所屬鄰別,""
"臺中市西屯 第0661 開票所",大仁國小( ),"臺中市西屯 何德里１５鄰重慶路２００號",何仁里,1﹣8,""
"臺中市西屯 第0662 開票所",大仁國小(二),"臺中市西屯 何德里１５鄰重慶路２００號",何仁里,9,11﹣16,""
"臺中市西屯 第0663 開票所",大仁國小(三),"臺中市西屯 何德里１５鄰重慶路２００號",何仁里,17﹣20,26﹣28,31﹣33,""
"臺中市西屯 第0664 開票所",長安國小(二),臺中市西屯 何仁里２５鄰櫻 路１８號,何仁里,10,21﹣25,29,30,34﹣37,""
"臺中市西屯 第0665 開票所",中山國中( ),"臺中市西屯 何德里２２鄰寧夏路１７９號",何德里,1﹣11,""
"臺中市西屯 第0666 開票所",中山國中(二),"臺中市西屯 何德里２２鄰寧夏路１７９號",何德里,12﹣23,""
"臺中市西屯 第0667 開票所",中山國中(三),"臺中市西屯 何德里２２鄰寧夏路１７９號",何福里,1﹣6,""
"臺中市西屯 第0668 開票所",中山國中(四),"臺中市西屯 何德里２２鄰寧夏路１７９號",何福里,7﹣13,""
"臺中市西屯 第0669 開票所",中山國中(五),"臺中市西屯 何德里２２鄰寧夏路１７９號",何福里,14﹣21,""
"臺中市西屯 第0670 開票所",重慶國小( ),"臺中市西屯 何源里３０鄰重慶路３５８號",何源里,1﹣9,""
"臺中市西屯 第0671 開票所",重慶國小(二),"臺中市西屯 何源里３０鄰重慶路３５８號",何源里,10﹣17,""
"臺中市西屯 第0672 開票所",重慶國小(三),"臺中市西屯 何源里３０鄰重慶路３５８號",何源里,18﹣25,""
"臺中市西屯 第0673 開票所",重慶國小(四),"臺中市西屯 何源里３０鄰重慶路３５８號",何源里,26﹣33,""
"臺中市西屯 第0674 開票所",長安國小(三),臺中市西屯 何仁里２５鄰櫻 路１８號,大河里,1﹣4,13,16﹣20,""
"臺中市西屯 第0675 開票所",新鳳 城親子教室,"臺中市西屯 大河里２３鄰河南路２ ４０之１６號 巷道 入",大河里,5﹣12,14﹣15,21﹣23,""
"臺中市西屯 第0676 開票所","城帝寶大樓B棟室",臺中市西屯 大石里１鄰 城 ４０號,大石里,1﹣9,""
"臺中市西屯 第0677 開票所","城帝寶大樓B棟閱覽室",臺中市西屯 大石里１鄰 城 ４０號,大石里,10﹣17,""
"臺中市西屯 第0678 開票所","大福社 中心( )","臺中市西屯 大福里２４鄰長安路２ １５８號",大福里,1﹣14,""
"臺中市西屯 第0679 開票所","大福社 中心(二)","臺中市西屯 大福里２４鄰長安路２ １５８號",大福里,15﹣29,""
"臺中市西屯 第0680 開票所",大 里 中心,"臺中市西屯 大 里２８鄰長安路２ ７１巷７號",大 里,"17,18,21﹣23,25,26,28,32,38,44,45",""
"臺中市西屯 第0681 開票所",大 國小( ),臺中市西屯 大 里１鄰中平路２６８號,大 里,1﹣9,11﹣16,20,""
"臺中市西屯 第0682 開票所",大 國小(二),臺中市西屯 大 里１鄰中平路２６８號,大 里,"10,19,24,27,29,30,31,33﹣37,39﹣43",""
"臺中市西屯 第0683 開票所",清武家廟( 思 ),臺中市西屯 港尾里４鄰清武巷３３號,港尾里,1﹣7,9,""
"臺中市西屯 第0684 開票所",港尾里守望 助隊隊,"臺中市西屯 港尾里２５鄰中康二 １６號",港尾里,8,10﹣14,25﹣29,""
"臺中市西屯 第0685 開票所",車,"臺中市西屯 港尾里１６鄰中清路２ １２５０巷５０號１樓",港尾里,15﹣24,""
"臺中市西屯 第0686 開票所",廣興 所,"臺中市西屯 廣福里１３鄰廣福路２３０號",廣福里,1﹣7,""
"臺中市西屯 第0687 開票所",廣福里老人休閒中心,"臺中市西屯 廣福里１３鄰廣福路２３０號",廣福里,8﹣13,""
"臺中市西屯 第0688 開票所",永興 室,臺中市西屯 林厝里７鄰安林路２９號,林厝里,1﹣7,9,13,""
"臺中市西屯 第0689 開票所",林厝里社 中心,臺中市西屯 林厝里７鄰安林路２９號,林厝里,8,10﹣12,14,""
"臺中市西屯 第0690 開票所",永安社 中心,臺中市西屯 永安里４鄰永安 巷１７號,永安里,4﹣10,12,27,""
"","","",所屬里別,所屬鄰別,""
"臺中市西屯 第0691 開票所",永安國小( ),"臺中市西屯 福安里６鄰西屯路３ １３３號",永安里,1﹣3,13,26,""
"臺中市西屯 第0692 開票所",永安國小(二),"臺中市西屯 福安里６鄰西屯路３ １３３號",永安里,11,14﹣18,37,""
"臺中市西屯 第0693 開票所",國安國小( ),臺中市西屯 永安里３４鄰國祥 １號,永安里,19﹣23,38,""
"臺中市西屯 第0694 開票所",國安國小(二),臺中市西屯 永安里３４鄰國祥 １號,永安里,24,25,34﹣36,39,""
"臺中市西屯 第0695 開票所",國安國小(三),臺中市西屯 永安里３４鄰國祥 １號,永安里,28﹣33,""
"臺中市西屯 第0696 開票所",國安國小(四),臺中市西屯 永安里３４鄰國祥 １號,永安里,40﹣44,""
"臺中市西屯 第0697 開票所",永安國小(三),"臺中市西屯 福安里６鄰西屯路３ １３３號",福安里,1﹣6,""
"臺中市西屯 第0698 開票所",永安國小(四),"臺中市西屯 福安里６鄰西屯路３ １３３號",福安里,7﹣14,""
"臺中市西屯 第0699 開票所","福安兒童暨老人中心",臺中市西屯 福 里１鄰永福路２６號,福 里,1﹣10,""
"臺中市西屯 第0700 開票所",永安國小(五),"臺中市西屯 福安里６鄰西屯路３ １３３號",福 里,11﹣19,""
"臺中市西屯 第0701 開票所",永安國小(六),"臺中市西屯 福安里６鄰西屯路３ １３３號",福 里,20﹣26,""
"臺中市西屯 第0702 開票所",福 國中( ),"臺中市西屯 福林里２７鄰福林路３３３號",福林里,1﹣7,""
"臺中市西屯 第0703 開票所",福 國中(二),"臺中市西屯 福林里２７鄰福林路３３３號",福林里,8﹣17,""
"臺中市西屯 第0704 開票所",福 國中(三),"臺中市西屯 福林里２７鄰福林路３３３號",福林里,18﹣26,""
"臺中市西屯 第0705 開票所",福 國中(四),"臺中市西屯 福林里２７鄰福林路３３３號",福林里,27﹣34,""
"臺中市西屯 第0706 開票所",福 國中(五),"臺中市西屯 福林里２７鄰福林路３３３號",福瑞里,1﹣4,""
"臺中市西屯 第0707 開票所",福 國中(六),"臺中市西屯 福林里２７鄰福林路３３３號",福瑞里,5﹣12,""
"臺中市西屯 第0708 開票所",國安國小(五),臺中市西屯 永安里３４鄰國祥 １號,福聯里,1﹣7,""
"臺中市西屯 第0709 開票所",國安國小(六),臺中市西屯 永安里３４鄰國祥 １號,福聯里,8﹣14,""
"臺中市西屯 第0710 開票所",安和國中( ),臺中市西屯 福和里１９鄰天助 １號,福和里,1﹣7,""
"臺中市西屯 第0711 開票所",安和國中(二),臺中市西屯 福和里１９鄰天助 １號,福和里,8﹣13,""
"臺中市西屯 第0712 開票所",安和國中(三),臺中市西屯 福和里１９鄰天助 １號,福和里,14﹣20,""
"臺中市西屯 第0713 開票所",安和國中(四),臺中市西屯 福和里１９鄰天助 １號,福中里,1﹣7,""
"臺中市西屯 第0714 開票所",安和國中(五),臺中市西屯 福和里１９鄰天助 １號,福中里,8﹣14,""
"臺中市西屯 第0715 開票所",大福 休閒中心,"臺中市西屯 福恩里８鄰福澤 ６６號(原工 路９４巷６號)",福恩里,7﹣11,20﹣22,""
"臺中市西屯 第0716 開票所",中港新航道,"臺中市西屯 福恩里１６鄰工 路２巷３號","福恩里協和里","12﹣19,2314",""
"臺中市西屯 第0717 開票所",安和國中(六),臺中市西屯 福和里１９鄰天助 １號,福恩里,1﹣6,24,""
"臺中市西屯 第0718 開票所",協和國小教室,臺中市西屯 協和里２鄰安和路９９號,協和里,1﹣12,""
"臺中市西屯 第0719 開票所",協和國小分校( ),"臺中市西屯 協和里１７鄰工 ３８路１９８號",協和里,15,20﹣22,""
"臺中市西屯 第0720 開票所",協和國小分校(二),"臺中市西屯 協和里１７鄰工 ３８路１９８號",協和里,13,16﹣19,""
"","","",所屬里別,所屬鄰別,""
"臺中市南屯 第0721 開票所",南屯國小(長青教室),"臺中市南屯 南屯里９鄰黎明路１ ９６８號",南屯里,1﹣7,27,""
"臺中市南屯 第0722 開票所",南屯國小(陶藝教室),"臺中市南屯 南屯里９鄰黎明路１ ９６８號",南屯里,8﹣13,26,""
"臺中市南屯 第0723 開票所","南屯國小( 殊教育1)","臺中市南屯 南屯里９鄰黎明路１ ９６８號",南屯里,14﹣20,28,""
"臺中市南屯 第0724 開票所","南屯國小( 殊教育2)","臺中市南屯 南屯里９鄰黎明路１ ９６８號",南屯里,21﹣25,""
"臺中市南屯 第0725 開票所",大 國中(10103),"臺中市南屯 三厝里１８鄰 中路３ ９８號",南屯里,29,30,34,35,""
"臺中市南屯 第0726 開票所",大 國中(10105),"臺中市南屯 三厝里１８鄰 中路３ ９８號",南屯里,31﹣33,""
"臺中市南屯 第0727 開票所","和國中(2樓數 資源教室1)","臺中市南屯 豐 里２鄰永 東路８８５號",豐 里,2,3,""
"臺中市南屯 第0728 開票所","和國中(資源 教室)","臺中市南屯 豐 里２鄰永 東路８８５號",豐 里,1,4,5,""
"臺中市南屯 第0729 開票所",和國中( 示室),"臺中市南屯 豐 里２鄰永 東路８８５號",豐 里,6﹣10,""
"臺中市南屯 第0730 開票所","和國中(合作社與體育室間通道)","臺中市南屯 豐 里２鄰永 東路８８５號",豐 里,11,14,""
"臺中市南屯 第0731 開票所","和國中( 計室與中心間通道)","臺中市南屯 豐 里２鄰永 東路８８５號",豐 里,12,13,15,16,""
"臺中市南屯 第0732 開票所",和國中( 中心),"臺中市南屯 豐 里２鄰永 東路８８５號",豐 里,17﹣19,""
"臺中市南屯 第0733 開票所","豐 里老人休閒中心(豐 公園內)","臺中市南屯 豐 里１２鄰文心南５路３３１號",豐 里,20,22,""
"臺中市南屯 第0734 開票所",豐 里福德廟,"臺中市南屯 豐 里１２鄰文心南５路３３９號",豐 里,21,23,""
"臺中市南屯 第0735 開票所",楓樹里福德廟辦公處,"臺中市南屯 楓樹里６鄰楓和路６４８之１號",楓樹里,1﹣3,10,12,13,23,27,33,""
"臺中市南屯 第0736 開票所",楓興 老人休閒中心,臺中市南屯 楓樹里６鄰楓樹巷２５號,楓樹里,4﹣9,11,31,32,""
"臺中市南屯 第0737 開票所","楓樹里青少年 中心(禮 )","臺中市南屯 楓樹里７鄰楓樹西 ２００號",楓樹里,14,18﹣22,24,25,""
"臺中市南屯 第0738 開票所",楓樹里福德廟休閒室,"臺中市南屯 楓樹里６鄰楓和路６４６之１號",楓樹里,15﹣17,26,28﹣30,""
"臺中市南屯 第0739 開票所",中和里 中心,"臺中市南屯 中和里６鄰中和巷３７號之２",中和里,1﹣3,6,13,14,20,23,24,""
"臺中市南屯 第0740 開票所",臺中黎明大樓管 室,"臺中市南屯 中和里４鄰黎明路１ １５７巷５３號",中和里,4,5,7,9,12,21,22,""
"臺中市南屯 第0741 開票所",守望 助隊,"臺中市南屯 中和里２１鄰南光路４５巷２０號對面",中和里,8,10,11,15﹣19,""
"臺中市南屯 第0742 開票所",鎮平里聖帥,臺中市南屯 鎮平里７鄰水 巷２４號,鎮平里,1,7,8,11,""
"臺中市南屯 第0743 開票所",鎮平里福德祠,"臺中市南屯 鎮平里９鄰鎮和巷１２之２號",鎮平里,2﹣6,9,10,""
"臺中市南屯 第0744 開票所",社社 中心,"臺中市南屯 社里５鄰永 南路３８之１號",社里,1﹣6,21,""
"臺中市南屯 第0745 開票所",社里 中心2樓,"臺中市南屯 社里３２鄰忠 路２３之１２號",社里,12,13,16,17,22,26,27,""
"臺中市南屯 第0746 開票所",社里 中心3樓,"臺中市南屯 社里３２鄰忠 路２３之１２號",社里,20,23,28﹣30,32﹣34,""
"臺中市南屯 第0747 開票所",同安社 中心,臺中市南屯 社里８鄰同安南巷６號,社里,7﹣11,18,19,""
"臺中市南屯 第0748 開票所",樹木銀行管 中心,"臺中市南屯 社里１４鄰溫 路２８８號",社里,14,15,24,25,31,""
"臺中市南屯 第0749 開票所",安國小(2年2 ),臺中市南屯 安里７鄰 安路１０９號,安里,1﹣10,""
"臺中市南屯 第0750 開票所","文山國小文薈樓(1年1 )",臺中市南屯 文山里忠 路９７號,文山里,1﹣3,9﹣11,""
"","","",所屬里別,所屬鄰別,""
"臺中市南屯 第0751 開票所","文山國小文薈樓(任教室)",臺中市南屯 文山里忠 路９７號,文山里,12﹣18,""
"臺中市南屯 第0752 開票所","文山國小文薈樓(美勞教室2)",臺中市南屯 文山里忠 路９７號,文山里,20﹣26,""
"臺中市南屯 第0753 開票所","文山環保資 圖書館1樓","臺中市南屯 文山里６鄰忠 路５４之５號",文山里,19,29﹣35,""
"臺中市南屯 第0754 開票所","文山環保資 圖書館地下室","臺中市南屯 文山里６鄰忠 路５４之５號",文山里,4﹣8,27,28,""
"臺中市南屯 第0755 開票所",寶山社 中心,"臺中市南屯 寶山里１４鄰忠 路１１９號",寶山里,1﹣3,16,18,""
"臺中市南屯 第0756 開票所","寶山里籃 管 中心","臺中市南屯 寶山里４鄰忠 路８２之６０號",寶山里,4,17,21﹣24,""
"臺中市南屯 第0757 開票所","文山國小關懷樓(3年7 )",臺中市南屯 文山里忠 路９７號,寶山里,9﹣15,""
"臺中市南屯 第0758 開票所","文山國小關懷樓(3年8 )",臺中市南屯 文山里忠 路９７號,寶山里,5﹣8,19,20,""
"臺中市南屯 第0759 開票所",新生里里 所,臺中市南屯 新生里８鄰新德 ３０８號,新生里,1﹣10,""
"臺中市南屯 第0760 開票所","永定里社 中心室",臺中市南屯 永定里９鄰南美 ７０號,永定里,1,5,8,9,13,""
"臺中市南屯 第0761 開票所",南屯天主,臺中市南屯 永定里３鄰永 路１號,永定里,2,3,6,7,10,14﹣16,""
"臺中市南屯 第0762 開票所","后大道大廈 中心","臺中市南屯 永定里１８鄰黎明路２ ７１巷３２ １號",永定里,4,11,12,17﹣19,""
"臺中市南屯 第0763 開票所",大 國小(英語1),"臺中市南屯 三厝里１８鄰向 路２ ２０１號",三厝里,2﹣7,""
"臺中市南屯 第0764 開票所",大 國小(英語2),"臺中市南屯 三厝里１８鄰向 路２ ２０１號",三厝里,18,21﹣25,""
"臺中市南屯 第0765 開票所",大 國小(1年2 ),"臺中市南屯 三厝里１８鄰向 路２ ２０１號",三厝里,8﹣11,13,""
"臺中市南屯 第0766 開票所",大 國小(1年5 ),"臺中市南屯 三厝里１８鄰向 路２ ２０１號",三厝里,1,14,15,19,""
"臺中市南屯 第0767 開票所",大 國小(1年6 ),"臺中市南屯 三厝里１８鄰向 路２ ２０１號",三厝里,12,16,17,20,""
"臺中市南屯 第0768 開票所",黎明國小(2年1 ),"臺中市南屯 三義里１鄰黎明路２ ５５５號",三義里,2﹣5,9,22,""
"臺中市南屯 第0769 開票所","黎明國小(課後照顧1)","臺中市南屯 三義里１鄰黎明路２ ５５５號",三義里,1,6﹣8,""
"臺中市南屯 第0770 開票所",黎明國小(5年7 ),"臺中市南屯 三義里１鄰黎明路２ ５５５號",三義里,11,12,20,21,""
"臺中市南屯 第0771 開票所",文國小(1年1 ),"臺中市南屯 三義里１０鄰公 路２ ３００號",三義里,10,13,15,16,""
"臺中市南屯 第0772 開票所",文國小(1年3 ),"臺中市南屯 三厝里１０鄰公 路２ ３００號",三義里,14,17﹣19,""
"臺中市南屯 第0773 開票所","三厝社 發 協中心(鐵皮屋)","臺中市南屯 三和里６鄰黎明路２ ３２０之１號",三和里,5﹣8,14,""
"臺中市南屯 第0774 開票所",三采藝術園,"臺中市南屯 三和里１６鄰公 路２ ６１５號",三和里,16﹣21,""
"臺中市南屯 第0775 開票所",文國小(1年5 ),"臺中市南屯 三義里１０鄰公 路２ ３００號",三和里,1﹣4,9,""
"臺中市南屯 第0776 開票所",文國小(1年7 ),"臺中市南屯 三義里１０鄰公 路２ ３００號",三和里,10,11,13,30,""
"臺中市南屯 第0777 開票所",文國小(1年9 ),"臺中市南屯 三義里１０鄰公 路２ ３００號",三和里,12,15,22,23,""
"臺中市南屯 第0778 開票所",文國小(1年11 ),"臺中市南屯 三義里１０鄰公 路２ ３００號",三和里,24﹣29,""
"臺中市南屯 第0779 開票所",黎明國中(敦品樓2),"臺中市南屯 三義里１鄰黎明路２ ５２５號",黎明里,1﹣7,""
"臺中市南屯 第0780 開票所",黎明國中(敦品樓4),"臺中市南屯 三義里１鄰黎明路２ ５２５號",黎明里,8﹣15,""
"","","",所屬里別,所屬鄰別,""
"臺中市南屯 第0781 開票所",黎明國中(敦品樓6),"臺中市南屯 三義里１鄰黎明路２ ５２５號",黎明里,16﹣23,""
"臺中市南屯 第0782 開票所",黎明國中(黎穗樓1),"臺中市南屯 三義里１鄰黎明路２ ５２５號",黎明里,24﹣31,""
"臺中市南屯 第0783 開票所",太元,臺中市南屯 溝墘里１鄰大英 ５８９號,溝墘里,4,6﹣8,""
"臺中市南屯 第0784 開票所",陳日田宅(宅 通道),"臺中市南屯 溝墘里１３鄰大 １４ ３０７號",溝墘里,9﹣13,""
"臺中市南屯 第0785 開票所",水安,"臺中市南屯 溝墘里１４鄰文心路１ ５１５號",溝墘里,14﹣16,""
"臺中市南屯 第0786 開票所",林何素煙宅,臺中市南屯 溝墘里３鄰大英 ６５９號,溝墘里,1﹣3,5,17,18,""
"臺中市南屯 第0787 開票所",大 國中(D102教室),臺中市南屯 大 里７鄰大 路１００號,大 里,1,5﹣8,20,""
"臺中市南屯 第0788 開票所",大 國中(D101教室),臺中市南屯 大 里７鄰大 路１００號,大 里,2﹣4,9,19,21,""
"臺中市南屯 第0789 開票所","大 國中(備用教室2/書香園)",臺中市南屯 大 里７鄰大 路１００號,大 里,10﹣13,22,""
"臺中市南屯 第0790 開票所","大 國中(美術教室2)",臺中市南屯 大 里７鄰大 路１００號,大 里,14﹣18,23,24,""
"臺中市南屯 第0791 開票所",義公園管 室3樓,"臺中市南屯 中里１６鄰大 １２ ３６１號",中里,12,16,21,""
"臺中市南屯 第0792 開票所",大新國小(1年1 ),"臺中市南屯 文心里１鄰文心路１ ２８０號",中里,14,15,17,18,""
"臺中市南屯 第0793 開票所",大新國小(1年11 ),"臺中市南屯 文心里１鄰文心路１ ２８０號",中里,2,3,7,10,13,""
"臺中市南屯 第0794 開票所",大新國小(1年13 ),"臺中市南屯 文心里１鄰文心路１ ２８０號",中里,4,6,8,9,11,""
"臺中市南屯 第0795 開票所",大新國小(1年14 ),"臺中市南屯 文心里１鄰文心路１ ２８０號",中里,1,5,19,20,""
"臺中市南屯 第0796 開票所",田新公園管 室1樓,"臺中市南屯 田心里１０鄰大 ６ ３１９巷４１號",田心里,1﹣3,5﹣7,""
"臺中市南屯 第0797 開票所",田新公園管 室3樓,"臺中市南屯 田心里１０鄰大 ６ ３１９巷４１號",田心里,8﹣12,""
"臺中市南屯 第0798 開票所",田心里 中心1樓,"臺中市南屯 田心里２３鄰南屯路２ ５３０號",田心里,4,13﹣19,""
"臺中市南屯 第0799 開票所",田心里守望 助隊,"臺中市南屯 豐 里１８鄰南屯路２ ４９５號",田心里,20﹣26,""
"臺中市南屯 第0800 開票所",永 國小(美勞1),"臺中市南屯 向心里５鄰永 東路２８８號",向心里,1﹣5,""
"臺中市南屯 第0801 開票所",永 國小(音 3),"臺中市南屯 向心里５鄰永 東路２８８號",向心里,6﹣10,12,""
"臺中市南屯 第0802 開票所",永 國小(音 4),"臺中市南屯 向心里５鄰永 東路２８８號",向心里,11,13﹣17,""
"臺中市南屯 第0803 開票所",大新國小(1年2 ),"臺中市南屯 文心里１鄰文心路１ ２８０號",文心里,1﹣6,""
"臺中市南屯 第0804 開票所",大新國小(1年4 ),"臺中市南屯 文心里１鄰文心路１ ２８０號",文心里,9﹣14,19,""
"臺中市南屯 第0805 開票所",文心福德廟,臺中市南屯 文心里７鄰向心路１２９號,文心里,7,8,15﹣18,20,""
"臺中市南屯 第0806 開票所",大新國小(1年6 ),"臺中市南屯 文心里１鄰文心路１ ２８０號",同心里,1﹣8,""
"臺中市南屯 第0807 開票所",大新國小(1年9 ),"臺中市南屯 文心里１鄰文心路１ ２８０號",同心里,9﹣14,""
"臺中市南屯 第0808 開票所","永 國小(夢幻城音1教室)","臺中市南屯 向心里５鄰永 東路２８８號",同心里,16﹣20,""
"臺中市南屯 第0809 開票所","永 國小(夢幻城音2教室)","臺中市南屯 向心里５鄰永 東路２８８號",同心里,15,21﹣25,""
"臺中市南屯 第0810 開票所","大同里 中心(302室)","臺中市南屯 大同里１３鄰大 ６ １６１號３樓",大同里,1﹣4,7,""
"","","",所屬里別,所屬鄰別,""
"臺中市南屯 第0811 開票所","大同里 中心(3樓禮 )","臺中市南屯 大同里１３鄰大 ６ １６１號３樓",大同里,8,9,11﹣13,""
"臺中市南屯 第0812 開票所","大同里 中心(301室)","臺中市南屯 大同里１３鄰大 ６ １６１號３樓",大同里,15﹣18,""
"臺中市南屯 第0813 開票所","大同里 中心(1樓川 )","臺中市南屯 大同里１３鄰大 ６ １６１號１樓",大同里,5,6,10,14,""
"臺中市南屯 第0814 開票所",大興里民 中心,臺中市南屯 大興里１９鄰永 東路１號,大興里,1﹣6,""
"臺中市南屯 第0815 開票所",大 天廈圖書室,"臺中市南屯 大興里１２鄰南屯路２ １７３號",大興里,7﹣11,16﹣18,""
"臺中市南屯 第0816 開票所",大 天廈交誼聽,"臺中市南屯 大興里１２鄰南屯路２ １７３號",大興里,12﹣15,19,20,""
"臺中市南屯 第0817 開票所",北田心土地公廟,"臺中市南屯 大誠里１０鄰東興路２ 與大 ２ 口",大誠里,4,7,12,13,""
"臺中市南屯 第0818 開票所",想 大廈,"臺中市南屯 大誠里９鄰東興西 １１號之８",大誠里,3,6,9﹣11,""
"臺中市南屯 第0819 開票所",林娟如宅(空屋),臺中市南屯 大誠里５鄰大 東 ２９號,大誠里,1,2,5,8,""
"臺中市北屯 第0820 開票所",北屯里 中心,"臺中市北屯 北屯里２鄰太原路３ ２６９巷２９之１號",北屯里,1,2,5,6,8,9,11,15,17,""
"臺中市北屯 第0821 開票所",基督教北屯 信,"臺中市北屯 北屯里４鄰興安路１ １８號",北屯里,3,4,7,10,12﹣14,16,18,""
"臺中市北屯 第0822 開票所",北屯國小( ),臺中市北屯 北京里２鄰 化北路２號,北京里,1﹣12,""
"臺中市北屯 第0823 開票所",北屯國小(二),臺中市北屯 北京里２鄰 化北路２號,北京里,13﹣24,""
"臺中市北屯 第0824 開票所","基督教台 信義道",臺中市北屯 北興里２鄰三光巷１０號,北興里,1﹣11,20,21,""
"臺中市北屯 第0825 開票所",北興里民 所,"臺中市北屯 北興里８鄰國豐 ３６０號(守望 助本 )",北興里,12﹣19,22,""
"臺中市北屯 第0826 開票所",天,"臺中市北屯 三光里１６鄰太原路三 ４０５之２號",三光里,1,4﹣7,""
"臺中市北屯 第0827 開票所",九龍,臺中市北屯 三光里４鄰九龍 ５２號,三光里,2,3,15﹣17,""
"臺中市北屯 第0828 開票所",三光國中,"臺中市北屯 三光里１７鄰三光 ７７號",三光里,9,18﹣20,22鄰,""
"臺中市北屯 第0829 開票所",四維國小,"臺中市北屯 平昌里１鄰文心路四 ９５６號",三光里,8,10﹣14,21,""
"臺中市北屯 第0830 開票所","世紀座 公 大廈之中",臺中市北屯 三和里３鄰東光路８１０號,三和里,1﹣5,18,20,""
"臺中市北屯 第0831 開票所",大 鞋 公司,"臺中市北屯 三和里９鄰東山路１ １３８巷８ ９號",三和里,6﹣10,19,""
"臺中市北屯 第0832 開票所",太 車,"臺中市北屯 三和里１４鄰東山路１ １４６巷３１號",三和里,11,13,15,16,""
"臺中市北屯 第0833 開票所",孩子國社 管 委,"臺中市北屯 三和里１７鄰東山路１ １４６之２２號",三和里,12,14,17,""
"臺中市北屯 第0834 開票所",東光里 所,"臺中市北屯 東光里４鄰東山路１ ４９號",東光里,1﹣4,14,15,""
"臺中市北屯 第0835 開票所","東光青少年 中心1樓","臺中市北屯 東光里１０鄰東山路１ ３３巷１６號１樓",東光里,5﹣13,16,""
"臺中市北屯 第0836 開票所","東光青少年 中心2樓","臺中市北屯 東光里１０鄰東山路１ ３３巷１６號２樓",東光里,17﹣22,""
"臺中市北屯 第0837 開票所",葳 中學,"臺中市北屯 水景里１鄰軍福１８路３２８號",水景里,1,2,35,""
"臺中市北屯 第0838 開票所","怡心 麻 美語東山分校","臺中市北屯 水景里３鄰東山路１ ２１０巷１３號",水景里,3,15,19,23,24,29,""
"臺中市北屯 第0839 開票所",獅子王幼兒園( ),"臺中市北屯 水景里２０鄰景和 １７１號",水景里,5,6,16,18,20,22,""
"臺中市北屯 第0840 開票所",獅子王幼兒園(二),"臺中市北屯 水景里２０鄰景和 １７１號",水景里,17,25﹣28,30,""
"","","",所屬里別,所屬鄰別,""
"臺中市北屯 第0841 開票所",東山高中( ),"臺中市北屯 水景里７鄰景賢６路２００號",水景里,7﹣10,""
"臺中市北屯 第0842 開票所",東山高中(二),"臺中市北屯 水景里７鄰景賢６路２００號",水景里,4,11﹣14,36,""
"臺中市北屯 第0843 開票所",東山高中(三),"臺中市北屯 水景里７鄰景賢６路２００號",水景里,21,31﹣34,""
"臺中市北屯 第0844 開票所",市立仁愛之家,"臺中市北屯 軍功里６鄰軍功路２ ４９０號",軍功里,1﹣6,""
"臺中市北屯 第0845 開票所",臺中軍福,"臺中市北屯 軍功里２３鄰東山路１ ２９７號",軍功里,13,20,23,25,27﹣29,""
"臺中市北屯 第0846 開票所",軍功 中心1樓,"臺中市北屯 軍功里２６鄰軍和 １２３號１Ｆ",軍功里,10﹣12,15,18,26,""
"臺中市北屯 第0847 開票所",軍功 中心2樓,"臺中市北屯 軍功里２６鄰軍和 １２３號２Ｆ",軍功里,19,24,30,35,39,""
"臺中市北屯 第0848 開票所",建功國小( ),臺中市北屯 軍功里１８鄰軍和 ４３號,軍功里,7﹣9,14,16,17,""
"臺中市北屯 第0849 開票所",建功國小(二),臺中市北屯 軍功里１８鄰軍和 ４３號,軍功里,21,22,31﹣34,""
"臺中市北屯 第0850 開票所",晴光康復之家,"臺中市北屯 軍功里３７鄰軍榮 ２９８號",軍功里,36﹣38,""
"臺中市北屯 第0851 開票所",和平里 所,"臺中市北屯 和平里４鄰和祥 ２０５巷１５號",和平里,1﹣5,8﹣11,24,32,""
"臺中市北屯 第0852 開票所",和平里守望 助隊,"臺中市北屯 和平里６鄰軍和 ３７３號土地公廟",和平里,6,7,13,15,25﹣27,""
"臺中市北屯 第0853 開票所",梨仔園福德廟,"臺中市北屯 和平里１７鄰東山路 ３８４巷６６之１號",和平里,12,17﹣19,21,30﹣31,""
"臺中市北屯 第0854 開票所",軍功國小( ),"臺中市北屯 和平里２０鄰軍福十三路３００號",和平里,14,16,20,""
"臺中市北屯 第0855 開票所",軍功國小(二),"臺中市北屯 和平里２０鄰軍福十三路３００號",和平里,22,23,28,29,33,""
"臺中市北屯 第0856 開票所",廍子芒果樹福德,"臺中市北屯 廍子里２鄰祥 東路與太原路口",廍子里,2,3,5,13,14,""
"臺中市北屯 第0857 開票所",廍子里 中心,臺中市北屯 廍子里７鄰廍子巷１００號,廍子里,1,4,6,7﹣12,""
"臺中市北屯 第0858 開票所",民 里 所,臺中市北屯 民 里３鄰北坑巷７５號,民 里,全里,""
"臺中市北屯 第0859 開票所",東山里 所,"臺中市北屯 東山里１１鄰東山路２ ３０號",東山里,全里,""
"臺中市北屯 第0860 開票所",大坑里 中心,"臺中市北屯 大坑里１２鄰東山路２ １０１號",大坑里,全里,""
"臺中市北屯 第0861 開票所",民德里 中心,"臺中市北屯 民德里７鄰東山路二 ２４１號",民德里,全里,""
"臺中市北屯 第0862 開票所",南興,臺中市北屯 舊社里６鄰舊社巷４３號,舊社里,1﹣7,""
"臺中市北屯 第0863 開票所","舊社公園 中心1樓","臺中市北屯 舊社里１７鄰松 路２ ５９巷５號",舊社里,8,14,15,17,21,""
"臺中市北屯 第0864 開票所",僑孝國小( ),"臺中市北屯 舊社里１３鄰北屯路４３５號",舊社里,9,12,13,16,18,33,""
"臺中市北屯 第0865 開票所",僑孝國小(二),"臺中市北屯 舊社里１３鄰北屯路４３５號",舊社里,19,22﹣24,27,""
"臺中市北屯 第0866 開票所",僑孝國小(三),"臺中市北屯 舊社里１３鄰北屯路４３５號",舊社里,20,25,26,""
"臺中市北屯 第0867 開票所",東光國小,臺中市北屯 舊社里４鄰東光路９２６號,舊社里,10,11,28﹣32,""
"臺中市北屯 第0868 開票所",瑞 幼兒園( ),"臺中市北屯 松茂里２鄰松 北路２３６號",松茂里,1﹣4,""
"臺中市北屯 第0869 開票所",瑞 幼兒園(二),"臺中市北屯 松茂里２鄰松 北路２３６號",松茂里,5﹣8,""
"臺中市北屯 第0870 開票所",瑞 幼兒園(三),"臺中市北屯 松茂里２鄰松 北路２３６號",松茂里,9﹣14,""
"","","",所屬里別,所屬鄰別,""
"臺中市北屯 第0871 開票所","松 福德祠辦公室1樓","臺中市北屯 松強里４鄰松 路２ ３０８號",松強里,1﹣2,""
"臺中市北屯 第0872 開票所","松 福德祠辦公室2樓","臺中市北屯 松強里４鄰松 路２ ３０８號",松強里,3﹣8,""
"臺中市北屯 第0873 開票所","松 福德祠辦公室3樓","臺中市北屯 松強里４鄰松 路２ ３０８號",松強里,9﹣11,""
"臺中市北屯 第0874 開票所","松 福德祠辦公室5樓","臺中市北屯 松強里４鄰松 路２ ３０８號",松強里,12﹣16,""
"臺中市北屯 第0875 開票所",光 天廈親子教室,"臺中市北屯 松 里５鄰松 路２ ７６巷１２ ４６號",松 里,3,6,10﹣13,15,17,""
"臺中市北屯 第0876 開票所",民宅(走廊),臺中市北屯 松 里７鄰松山 ８０號,松 里,7,8,16,18,19,""
"臺中市北屯 第0877 開票所",松 公園 車,"臺中市北屯 松 里９鄰北屯路４７３巷６ １６號",松 里,1,2,4,5,9,14,""
"臺中市北屯 第0878 開票所",私立丹彿幼兒園,"臺中市北屯 松安里２鄰興安路２ ４００號",松安里,1﹣5,14,""
"臺中市北屯 第0879 開票所","私立 光城 幼兒園( )","臺中市北屯 松安里１５鄰 德六路１５６號",松安里,6﹣8,10,11,15,16,""
"臺中市北屯 第0880 開票所","私立 光城 幼兒園(二)","臺中市北屯 松安里１５鄰 德六路１５６號",松安里,9,12,13,17﹣22,""
"臺中市北屯 第0881 開票所",松 國小( ),"臺中市北屯 松和里２６鄰昌平路二 １２號",松和里,1﹣6,""
"臺中市北屯 第0882 開票所",松 國小(二),"臺中市北屯 松和里２６鄰昌平路二 １２號",松和里,7﹣13,""
"臺中市北屯 第0883 開票所",松 國小(三),"臺中市北屯 松和里２６鄰昌平路二 １２號",松和里,14﹣19,""
"臺中市北屯 第0884 開票所",松 國小(四),"臺中市北屯 松和里２６鄰昌平路二 １２號",松和里,20﹣26,""
"臺中市北屯 第0885 開票所",松 國小(五),"臺中市北屯 松和里２６鄰昌平路二 １２號",松 里,1﹣3,12,13,""
"臺中市北屯 第0886 開票所",松 國小(六),"臺中市北屯 松和里２６鄰昌平路二 １２號",松 里,4,10,14,15,23,""
"臺中市北屯 第0887 開票所",松 國小(七),"臺中市北屯 松 里２６鄰昌平路二 １２號",松 里,6﹣9,16,22,""
"臺中市北屯 第0888 開票所",鉅侑汽車檢驗廠,"臺中市北屯 松 里１１鄰梅川東路５１４０號",松 里,11,17,20,21,""
"臺中市北屯 第0889 開票所",德福德祠,"臺中市北屯 松 里１１鄰三分 公園土地公廟( 德五路３４５號新天地餐 對面)",松 里,5,18,19,""
"臺中市北屯 第0890 開票所",三木日光社,"臺中市北屯 平興里１８鄰遼寧路 １６０號",平興里,1,2,15﹣20,""
"臺中市北屯 第0891 開票所",北新國中( ),"臺中市北屯 平興里２０鄰 東 １８０號",平興里,3﹣7,22,""
"臺中市北屯 第0892 開票所",北新國中(二),"臺中市北屯 平興里２０鄰 東 １８０號",平興里,8﹣10,21,23,""
"臺中市北屯 第0893 開票所",北新國中(三),"臺中市北屯 平興里２０鄰 東 １８０號",平興里,11﹣14,24﹣25,""
"臺中市北屯 第0894 開票所",豐田公園(豐田亭),"臺中市北屯 平田里５鄰大連路三 遼寧路 路口",平田里,1,2,6,10﹣11,""
"臺中市北屯 第0895 開票所",北屯圖書館1樓,"臺中市北屯 平田里２０鄰大連路３ １２２號",平田里,9,12,13,16﹣20,""
"臺中市北屯 第0896 開票所",貝斯 幼兒園,"臺中市北屯 平田里７鄰瀋 路３ ２１２號",平田里,3﹣5,7,8,14,15,""
"臺中市北屯 第0897 開票所",文昌國小( ),"臺中市北屯 平昌里８鄰昌平路１ ９１號",平昌里,1﹣6,19,""
"臺中市北屯 第0898 開票所",文昌國小(二),"臺中市北屯 平昌里８鄰昌平路１ ９１號",平昌里,7﹣11,""
"臺中市北屯 第0899 開票所",文昌國小(三),"臺中市北屯 平昌里８鄰昌平路１ ９１號",平昌里,12﹣18,20,""
"","","",所屬里別,所屬鄰別,""
"臺中市北屯 第0901 開票所",聖德禪寺,"臺中市北屯 平安里６鄰青 路４ ３９之１號",平安里,3,5﹣7,10,11,15,18,""
"臺中市北屯 第0902 開票所",平安長青協 館,"臺中市北屯 平安里１８鄰天 路４ １１號",平安里,9,13,17,19,21﹣23,""
"臺中市北屯 第0903 開票所",北屯圖書館地下1樓,"臺中市北屯 平田里２０鄰大連路３ １２２號",平 里,3﹣6,10,12,""
"臺中市北屯 第0904 開票所",臺 基督教長老教,"臺中市北屯 平 里８鄰安 東９ ４３號",平 里,1,2,7﹣9,11,""
"臺中市北屯 第0905 開票所","平 、平心、平福里中心( )","臺中市北屯 平心里７鄰旅 路二 ７８號３樓東側",平心里,1,3,9,10,14,15,19,21,""
"臺中市北屯 第0906 開票所","平 、平心、平福里中心(二)","臺中市北屯 平心里７鄰旅 路２ ７８號３樓西側",平心里,4,5,7,12,13,20,""
"臺中市北屯 第0907 開票所",私立小巨匠托兒所,"臺中市北屯 平心里６鄰旅 路２ １００號",平心里,2,6,8,11,16,17,18,""
"臺中市北屯 第0908 開票所",私立愛子幼兒園,"臺中市北屯 平福里１鄰 德 路１５１號",平福里,1﹣4,6,13,14,""
"臺中市北屯 第0909 開票所","大連天地公 大廈1樓大","臺中市北屯 平福里１２鄰大連路２ ２３８號",平福里,5,7﹣12,""
"臺中市北屯 第0910 開票所",原 德幼 園( ),"臺中市北屯 平德里５鄰河北路２ ６７號",平德里,2,5,6,10,13,18,20,""
"臺中市北屯 第0911 開票所",原 德幼 園(二),"臺中市北屯 平德里５鄰河北路２ ６７號",平德里,1,4,9,14,15,16,19,""
"臺中市北屯 第0912 開票所",平德里 中心,"臺中市北屯 平德里７鄰 遠路２ ３９之２號４樓",平德里,3,7,8,11,12,17,21,""
"臺中市北屯 第0913 開票所",文心國小( ),"臺中市北屯 平和里１２鄰文心路４ ５７５號",平和里,1﹣8,""
"臺中市北屯 第0914 開票所",文心國小(二),"臺中市北屯 平和里１２鄰文心路４ ５７５號",平和里,9﹣14,""
"臺中市北屯 第0915 開票所",文心國小(三),"臺中市北屯 平和里１２鄰文心路４ ５７５號",平和里,15﹣23,""
"臺中市北屯 第0916 開票所",德國中( ),"臺中市北屯 平 里２０鄰 德路２ ２２７號",平 里,1﹣7,""
"臺中市北屯 第0917 開票所",德國中(二),"臺中市北屯 平 里２０鄰 德路２ ２２７號",平 里,8﹣14,""
"臺中市北屯 第0918 開票所",德國中(三),"臺中市北屯 平 里２０鄰 德路２ ２２７號",平 里,15﹣21,""
"臺中市北屯 第0919 開票所",四 國小( ),臺中市北屯 仁和里２鄰后 路９１０號,仁和里,1﹣5,12,""
"臺中市北屯 第0920 開票所",四 國小(二),臺中市北屯 仁和里２鄰后 路９１０號,仁和里,6,8,9,11,13,14,28,""
"臺中市北屯 第0921 開票所",四 國小(三),臺中市北屯 仁和里２鄰后 路９１０號,仁和里,10,15﹣20,22,""
"臺中市北屯 第0922 開票所",四 國小(四),臺中市北屯 仁和里２鄰后 路９１０號,仁和里,7,21,23﹣27,""
"臺中市北屯 第0923 開票所",仁愛里 中心,臺中市北屯 仁愛里４鄰四平路３６號,仁愛里,全里,""
"臺中市北屯 第0924 開票所",仁美國小( ),"臺中市北屯 仁美里２８鄰 德路３ ５６８號",仁美里,1﹣7,32,34,""
"臺中市北屯 第0925 開票所",仁美國小(二),"臺中市北屯 仁美里２８鄰 德路３ ５６８號",仁美里,8,9,14,30,31,""
"臺中市北屯 第0926 開票所",仁美國小(三),"臺中市北屯 仁美里２８鄰 德路３ ５６８號",仁美里,10﹣13,""
"臺中市北屯 第0927 開票所",仁美國小(四),"臺中市北屯 仁美里２８鄰 德路３ ５６８號",仁美里,15﹣29,33,""
"臺中市北屯 第0928 開票所",四民里 所,"臺中市北屯 四民里８鄰昌平路２ ５１號",四民里,全里,""
"臺中市北屯 第0929 開票所",瑞昌,臺中市北屯 同榮里５鄰同 巷７號,同榮里,1﹣10,13,33,""
"臺中市北屯 第0930 開票所",新興國小( ),臺中市北屯 同榮里１５鄰新興路２０號,同榮里,12,14﹣26,34,""
"","","",所屬里別,所屬鄰別,""
"臺中市北屯 第0931 開票所",新興國小(二),臺中市北屯 同榮里１５鄰新興路２０號,同榮里,11,27﹣﹣32,35﹣37,""
"臺中市北屯 第0932 開票所",汽車修配廠,"臺中市北屯 后 里１９鄰后 路３８６－１號",后 里,1,7,22,23,27,28,38,""
"臺中市北屯 第0933 開票所",后 社 中心,"臺中市北屯 后 里２鄰 內巷１１－１號",后 里,2,3,19﹣21,35,""
"臺中市北屯 第0934 開票所",元將汽車修配廠,"臺中市北屯 后 里２８鄰后 北路１２１號",后 里,5,12,14﹣18,36,37,""
"臺中市北屯 第0935 開票所",私立大吉幼兒園,"臺中市北屯 后 里３２鄰敦化路 ６１６號",后 里,24﹣26,31﹣34,""
"臺中市北屯 第0936 開票所",新興國小(三),臺中市北屯 后 里１５鄰新興路２０號,后 里,4,6,8﹣11,13,29,30,""
"臺中市北屯 第0937 開票所",大 國小( ),臺中市西屯 大 里１鄰中平路２６８號,新平里,1﹣4,8,16﹣18,26,27,""
"臺中市北屯 第0938 開票所",速效汽車修配廠,"臺中市北屯 新平里１１鄰中平路７２８之１號",新平里,5﹣7,19﹣23,28,""
"臺中市北屯 第0939 開票所",新平里 中心1樓,"臺中市北屯 新平里７鄰中清路二 ６０９號",新平里,9﹣15,24,25,""
"臺中市北屯 第0940 開票所",陳平社 中心,臺中市北屯 陳平里１３鄰同平巷２號,陳平里,1,2,4,13,16,17,""
"臺中市北屯 第0941 開票所",陳平國小( ),臺中市北屯 忠平里８鄰陳平路５８號,陳平里,3,5,8,9,14,15,19,20,""
"臺中市北屯 第0942 開票所",陳平國小(二),臺中市北屯 忠平里８鄰陳平路５８號,陳平里,6,7,10﹣12,18,21,22,""
"臺中市北屯 第0943 開票所",陳平國小(三),臺中市北屯 忠平里８鄰陳平路５８號,忠平里,1﹣9,""
"臺中市北屯 第0944 開票所",陳平國小(四),臺中市北屯 忠平里８鄰陳平路５８號,忠平里,10﹣18,""
"臺中市北屯 第0945 開票所",大德國中( ),"臺中市北屯 大德里５鄰雷中 ２－２３號",大德里,1﹣8,""
"臺中市北屯 第0946 開票所",大德里 中心1樓,臺中市北屯 大德里１８鄰平德路３號,大德里,9﹣12,17,18,19,21,""
"臺中市北屯 第0947 開票所",大德里 中心2樓,臺中市北屯 大德里１８鄰平德路３號,大德里,13﹣16,20,22,""
"臺中市北屯 第0948 開票所",水湳福德,"臺中市北屯 水湳里１５鄰大連路１ １６８號",水湳里,1,2,14﹣16,""
"臺中市北屯 第0949 開票所",瀋 公園管 室1樓,臺中市北屯 水湳里５鄰瀋 北路２１號,水湳里,3﹣6,12,""
"臺中市北屯 第0950 開票所",瀋 公園管 室2樓,臺中市北屯 水湳里５鄰瀋 北路２１號,水湳里,13,17﹣22,""
"臺中市北屯 第0951 開票所",水湳聖德蘭天主教,"臺中市北屯 水湳里７鄰中清路二 １０５號",水湳里,7﹣11,23,""
"臺中市北 第0952 開票所",靈聖,臺中市北 中正里３鄰原子 １２號,中正里,全里,""
"臺中市北 第0953 開票所",保安,"臺中市北 六合里１４鄰成功路４３０巷２１號",六合里,全里,""
"臺中市北 第0954 開票所",景聖,臺中市北 光大里６鄰英士路３１號,光大里,1﹣9,17,18,""
"臺中市北 第0955 開票所",圓 院,"臺中市北 光大里１２鄰中清路１ ９６號",光大里,10﹣16,19,20,""
"臺中市北 第0956 開票所",文莊里 中心,臺中市北 文莊里２２鄰日興 ２００號,文莊里,18﹣24,""
"臺中市北 第0957 開票所",篤行教 1樓副,臺中市北 文莊里１１鄰文化 ６９號,文莊里,1,2,5﹣9,11,16,""
"臺中市北 第0958 開票所",天主 內側 教室,"臺中市北 文莊里１３鄰中清路１ ３７號",文莊里,3,4,10,12﹣15,17,""
"臺中市北 第0959 開票所",太平國小( ),臺中市北 錦平里１６鄰太平路７４號,大 里,1﹣8,""
"臺中市北 第0960 開票所",太平國小(二),臺中市北 錦平里１６鄰太平路７４號,大 里,9﹣19,""
"","","",所屬里別,所屬鄰別,""
"臺中市北 第0961 開票所",五 國中( ),臺中市北 五常里１０鄰英才路１號,五常里,全里,""
"臺中市北 第0962 開票所",太平國小(三),臺中市北 錦平里１６鄰太平路７４號,錦平里,1﹣9,13,""
"臺中市北 第0963 開票所",太平國小(四),臺中市北 錦平里１６鄰太平路７４號,錦平里,10﹣12,14﹣21,""
"臺中市北 第0964 開票所",福德 1樓,臺中市北 新北里１６鄰育才北路３５號,新北里,1﹣3,15﹣21,""
"臺中市北 第0965 開票所","國立臺中第 高級中學 學館門",臺中市北 新北里１４鄰育才 ２號,新北里,4﹣14,""
"臺中市北 第0966 開票所",基督教思恩,臺中市北 新興里３鄰雙十路１ ７９號,新興里,3,6﹣8,14﹣21,""
"臺中市北 第0967 開票所",興中社 1樓中 廣,"臺中市北 新興里４鄰三民路３ ８９巷內",新興里,1,2,4,5,9﹣13,""
"臺中市北 第0968 開票所",莒光新城管 站,臺中市北 英里１５鄰錦中 １０５號,英里,1﹣14,""
"臺中市北 第0969 開票所","英社 照顧關懷點(莒光新城)","臺中市北 英里１５鄰錦中 １０５－１號",英里,15﹣28,""
"臺中市北 第0970 開票所",作新幼兒園,臺中市北 錦 里９鄰自強 ５３號,錦 里,1﹣9,11﹣13,15,19,28﹣31,""
"臺中市北 第0971 開票所",三,"臺中市北 錦 里２０鄰自強 ４５巷２０號",錦 里,10,14,16﹣18,20﹣27,""
"臺中市北 第0972 開票所",建成福德祠 中心,"臺中市北 建成里１３鄰天祥 ２６５－１號",建成里,1﹣5,10﹣16,""
"臺中市北 第0973 開票所",東光三期A 客室,"臺中市北 建成里１７鄰東成三 ２９６號",建成里,6﹣9,17﹣23,""
"臺中市北 第0974 開票所",東光路346號倉,臺中市北 建成里２５鄰東光路３４６號,建成里,24﹣33,""
"臺中市北 第0975 開票所",興 路78號倉,臺中市北 建德里１鄰興 路７８號,建德里,11,14﹣25,""
"臺中市北 第0976 開票所",建德里舊 中心,臺中市北 建德里１１鄰國瑞 ６３號,建德里,1﹣10,12,13,""
"臺中市北 第0977 開票所",國泰 72號空屋,臺中市北 錦 里２１鄰國泰 ７２號,錦 里,"1,2,7﹣10,14,17﹣19,21,23,25",""
"臺中市北 第0978 開票所",天 監察,"臺中市北 錦 里１３鄰 強 １１７巷１７號",錦 里,"3﹣6,11﹣13,15,16,20,22,24",""
"臺中市北 第0979 開票所",錦祥 17號倉,臺中市北 錦祥里２８鄰錦祥 １７號,錦祥里,18﹣30,""
"臺中市北 第0980 開票所",宏總大地圖書室,"臺中市北 錦祥里３鄰 化路６２３號(育強 與德化 口)",錦祥里,1﹣17,""
"臺中市北 第0981 開票所","臺中市私立巴比倫幼兒園","臺中市北 金 里１０鄰雙十路２ ４０巷６號",金 里,1﹣11,""
"臺中市北 第0982 開票所",金 里 中心,"臺中市北 金 里１０鄰雙十路２ ４０巷１０－１號",金 里,12﹣18,""
"臺中市北 第0983 開票所",三聖 廣,"臺中市北 金龍里１鄰衛道路３５巷６口",金龍里,"1,2,4,5,8,10,11,14﹣16,18",""
"臺中市北 第0984 開票所",三國小( ),"臺中市北 建興里１０鄰 德路１ １０７號",金龍里,"3,6,7,9,12,13,17,28,29,32,33",""
"臺中市北 第0985 開票所","新民高中第4教學大樓1樓大","臺中市北 金龍里２５鄰三民路３ ２８９號(由金龍 大門入)",金龍里,19﹣27,30,31,""
"臺中市北 第0986 開票所",三國小(二),"臺中市北 建興里１０鄰 德路１ １０７號",邱厝里,1,3﹣12,""
"臺中市北 第0987 開票所",五 國中(二),臺中市北 五常里１０鄰英才路１號,邱厝里,2,13﹣19,""
"臺中市北 第0988 開票所",環 與綠大廈1樓,"臺中市北 建興里２２鄰 德路１ ２５６巷２號",建興里,1﹣4,8,21,22,35,""
"臺中市北 第0989 開票所",三國小(三),"臺中市北 建興里１０鄰 德路１ １０７號",建興里,5﹣7,23﹣25,33,""
"臺中市北 第0990 開票所",三國小(四),"臺中市北 建興里１０鄰 德路１ １０７號",建興里,9,12,18﹣20,27,31,32,""
"","","",所屬里別,所屬鄰別,""
"臺中市北 第0991 開票所",三國小(五),"臺中市北 建興里１０鄰 德路１ １０７號",建興里,11,15﹣17,29,30,36﹣37,""
"臺中市北 第0992 開票所",三國小(六),"臺中市北 建興里１０鄰 德路１ １０７號",建興里,10,13,14,26,28,34,""
"臺中市北 第0993 開票所",行聖,臺中市北 頂厝里１鄰衛道路２０８號,頂厝里,1﹣4,17,""
"臺中市北 第0994 開票所",頂厝里 中心,臺中市北 頂厝里５鄰北興 ２６３號,頂厝里,5﹣11,""
"臺中市北 第0995 開票所",北 公所1樓,臺中市北 賴厝里１鄰永興 ３０１號,頂厝里,12﹣16,""
"臺中市北 第0996 開票所","太原路與榮 口空地",臺中市北 德里６鄰太原路與榮 口,德里,1,2,3,7﹣12,""
"臺中市北 第0997 開票所",古早厝小吃店,臺中市北 德里１５鄰榮 ２１２號,德里,4﹣6,13﹣18,""
"臺中市北 第0998 開票所",賴厝國小( ),"臺中市北 賴厝里１０鄰漢口路４ １６８號",賴厝里,1﹣4,""
"臺中市北 第0999 開票所",賴厝國小(二),"臺中市北 賴厝里１０鄰漢口路４ １６８號",賴厝里,5﹣12,""
"臺中市北 第1000 開票所",賴厝國小(三),"臺中市北 賴厝里１０鄰漢口路４ １６８號",賴厝里,13﹣20,""
"臺中市北 第1001 開票所",衛道新世 中心,臺中市北 賴福里１鄰衛道 ５號,賴福里,1﹣5,18﹣25,""
"臺中市北 第1002 開票所",賴厝 福德祠,臺中市北 賴福里７鄰 化北路３９６號,賴福里,6﹣17,""
"臺中市北 第1003 開票所",賴興里 中心3樓,"臺中市北 賴興里３鄰山西路２ １２５號３樓",賴興里,1﹣4,7,9﹣11,""
"臺中市北 第1004 開票所",比 室,臺中市北 賴興里２０鄰永定 ２４號,賴興里,14﹣16,18﹣21,""
"臺中市北 第1005 開票所",文心園邸閱覽室,"臺中市北 賴興里６鄰梅川西路４ ２３２號",賴興里,5,6,8,12,13,17,22,""
"臺中市北 第1006 開票所","賴興里 中心4樓第1 室","臺中市北 賴興里３鄰山西路２ １２５號４樓",賴旺里,19﹣27,""
"臺中市北 第1007 開票所","賴興里 中心3樓穿","臺中市北 賴興里３鄰山西路２ １２５號３樓",賴旺里,5﹣12,17,18,""
"臺中市北 第1008 開票所",興福德祠,"臺中市北 賴旺里２鄰中清路１ ８８０巷６ ２號",賴旺里,1﹣4,13﹣16,28,""
"臺中市北 第1009 開票所",天 幼兒園1樓教室,"臺中市北 梅川里３鄰天 路２ １９２號",賴明里,1,3,4,7,14,15,18,""
"臺中市北 第1010 開票所",曉明女中高1甲教室,"臺中市北 賴明里６鄰中清路１ ６０６號",賴明里,2,5,6,11,16,19,""
"臺中市北 第1011 開票所",賴厝國小(四),"臺中市北 賴厝里１０鄰漢口路４ １６８號",賴明里,8﹣10,12,13,17,""
"臺中市北 第1012 開票所",台中福音基督教,"臺中市北 梅川里３鄰文昌東二 １４３號",梅川里,1﹣6,""
"臺中市北 第1013 開票所",賴厝國小(五),"臺中市北 賴厝里１０鄰漢口路４ １６８號",梅川里,7﹣12,""
"臺中市北 第1014 開票所",元保 室,"臺中市北 賴 里１鄰梅川西路３ １０９號",賴 里,1﹣8,11,14,16,23,28,""
"臺中市北 第1015 開票所","元保 (賴 里老人中心)","臺中市北 賴 里１鄰梅川西路３ １１１號",賴 里,9,10,13,17﹣22,""
"臺中市北 第1016 開票所",勝美學社 閱覽室,臺中市北 賴 里２９鄰學士路２６９號,賴 里,12,15,24﹣27,29,""
"臺中市北 第1017 開票所",健行國小( ),臺中市北 健行里３５鄰健行路６６６號,育德里,12﹣14,17﹣25,""
"臺中市北 第1018 開票所","賴 育德福德功德中心",臺中市北 育德里１５鄰健行路６０３號,育德里,1﹣11,15,16,""
"臺中市北 第1019 開票所",健行國小(二),臺中市北 健行里３５鄰健行路６６６號,溝里,1﹣4,8﹣12,31,""
"臺中市北 第1020 開票所",幼館4樓大 室,臺中市北 中達里５鄰民 路４００號,溝里,5﹣7,13﹣18,21,22,""
"","","",所屬里別,所屬鄰別,""
"臺中市北 第1021 開票所","防局第七大隊中港分隊","臺中市北 溝里３０鄰臺 大道２ ３５０號",溝里,19,20,23﹣30,""
"臺中市北 第1022 開票所",乾溝子 中心1樓,"臺中市北 健行里１鄰西屯路１ ２９９號",健行里,1﹣5,8﹣10,""
"臺中市北 第1023 開票所",97號空屋,臺中市北 健行里７鄰 ９７號,健行里,6,7,11﹣18,""
"臺中市北 第1024 開票所","私立德化愛彌兒幼兒園",臺中市北 健行里２２鄰德化 ５６２號,健行里,19﹣29,""
"臺中市北 第1025 開票所",健行國小(三),臺中市北 健行里３５鄰健行路６６６號,健行里,30﹣38,""
"臺中市北 第1026 開票所",中 國小( ),臺中市北 明德里９鄰漢口路３ ２號,明德里,1﹣7,11﹣13,15﹣17,""
"臺中市北 第1027 開票所",中 國小(二),臺中市北 明德里９鄰漢口路３ ２號,明德里,8﹣10,18﹣21,26﹣28,""
"臺中市北 第1028 開票所",中 國小(三),臺中市北 明德里９鄰漢口路３ ２號,明德里,14,22﹣25,29﹣33,""
"臺中市北 第1029 開票所",匯豐 大樓1樓穿,"臺中市北 明新里１１鄰中清路１ ４４７號",明新里,1﹣3,8﹣13,""
"臺中市北 第1030 開票所",台中凱歌,臺中市北 明新里６鄰忠太東路１１４號,明新里,4﹣7,14﹣19,""
"臺中市北 第1031 開票所",立人國小( ),"臺中市北 長青里１８鄰北平路１ ６０號",長青里,19﹣24,26,""
"臺中市北 第1032 開票所",立人國小(二),"臺中市北 長青里１８鄰北平路１ ６０號",長青里,5﹣8,17,18,""
"臺中市北 第1033 開票所",中 國小(四),臺中市北 明德里９鄰漢口路３ ２號,長青里,9﹣12,15,16,""
"臺中市北 第1034 開票所",長青里 中心1樓,臺中市北 長青里３鄰陜西路６６號,長青里,1﹣4,13,14,25,""
"臺中市北 第1035 開票所",立人國小(三),"臺中市北 長青里１８鄰北平路１ ６０號",立人里,1﹣13,""
"臺中市北 第1036 開票所",立人國小(四),"臺中市北 長青里１８鄰北平路１ ６０號",立人里,14﹣23,""
"臺中市北 第1037 開票所",篤行國小( ),臺中市北 中達里４鄰篤行路３２１號,中達里,1﹣11,""
"臺中市北 第1038 開票所",篤行國小(二),臺中市北 中達里４鄰篤行路３２１號,中達里,12﹣20,""
"臺中市中 第1039 開票所","綠川里、繼光里、公園里、光復里聯合中心",臺中市中 綠川里１２鄰成功路２７號,綠川里,20﹣30,""
"臺中市中 第1040 開票所",幸天,"臺中市中 綠川里１０鄰建國路１５９巷２５號",綠川里,1﹣19,""
"臺中市中 第1041 開票所","臺 電力公司臺中營 處","臺中市中 公園里８鄰自由路２ ８６號１樓營",繼光里,全里,""
"臺中市中 第1042 開票所","光復國小愛心媽媽習室( )","臺中市中 大 里２８鄰三民路２ １４８號",公園里,全里,""
"臺中市中 第1043 開票所",光復國小資源 (二),"臺中市中 大 里２８鄰三民路２ １４８號",光復里,1﹣19,""
"臺中市中 第1044 開票所",光復國小圖書室(三),"臺中市中 大 里２８鄰三民路２ １４８號",光復里,20﹣36,""
"臺中市中 第1045 開票所","六角樓廣 (第二市內)","臺中市中 大 里１３鄰三民路２ ８７號",大 里,1﹣10,13﹣17,""
"臺中市中 第1046 開票所","光復國小工作 室(四)","臺中市中 大 里２８鄰三民路２ １４８號",大 里,11﹣12,18﹣32,""
"臺中市中 第1047 開票所","大 里、 川里、大誠里、中 里聯合中心",臺中市中 川里１１鄰興中 ８８號,川里,1﹣14,""
"臺中市中 第1048 開票所","中 公所老人休閒中心","臺中市中 川里１２鄰興中 ８２號１樓",川里,15﹣28,""
"臺中市中 第1049 開票所",慈光圖書館,"臺中市中 大誠里１鄰 川西路３ １２號",大誠里,1﹣15,""
"","","",所屬里別,所屬鄰別,""
"臺中市中 第1050 開票所",光明寺,臺中市中 大誠里２２鄰光復路１５２號,大誠里,16﹣32,""
"臺中市中 第1051 開票所","天 輔 將軍廟賓室",臺中市中 中 里１５鄰中山路３２８號,中 里,全里,""
"臺中市西 第1052 開票所",忠孝國小綜合教室,"臺中市西 三民里３鄰三民路１ １７１號",三民里,1﹣10,""
"臺中市西 第1053 開票所",忠孝國小智資6教室,"臺中市西 三民里３鄰三民路１ １７１號",三民里,11﹣16,""
"臺中市西 第1054 開票所","國立臺中教育大學M104教室",臺中市西 平和里１４鄰民生路１４０號,平和里,1﹣10,""
"臺中市西 第1055 開票所","國立臺中教育大學M105教室",臺中市西 平和里１４鄰民生路１４０號,平和里,11﹣22,""
"臺中市西 第1056 開票所",大同國小 室,"臺中市西 民生里２５鄰自由路１ １３８號",利民里,全里,""
"臺中市西 第1057 開票所",忠信國小101教室,臺中市西 公民里１３鄰林森路１５５號,公民里,1﹣10,""
"臺中市西 第1058 開票所",忠信國小102教室,臺中市西 公民里１３鄰林森路１５５號,公民里,11﹣20,""
"臺中市西 第1059 開票所",忠信國小 教室,臺中市西 公民里１３鄰林森路１５５號,公民里,21﹣30,""
"臺中市西 第1060 開票所",忠孝國小1年1 教室,"臺中市西 三民里３鄰三民路１ １７１號",廣民里,全里,""
"臺中市西 第1061 開票所",忠孝國小1年4 教室,"臺中市西 三民里３鄰三民路１ １７１號",東昇里,1﹣10,""
"臺中市西 第1062 開票所",忠孝國小1年9 教室,"臺中市西 三民里３鄰三民路１ １７１號",東昇里,11﹣20,""
"臺中市西 第1063 開票所",居仁國中A105教室,臺中市西 民生里７鄰自由路１ ９７號,民生里,1﹣10,""
"臺中市西 第1064 開票所",居仁國中B104教室,臺中市西 民生里７鄰自由路１ ９７號,民生里,11﹣25,""
"臺中市西 第1065 開票所",世 紅卍字 台中分,臺中市西 藍興里５鄰大全 １２６號,藍興里,3,6﹣10,12,13,25,""
"臺中市西 第1066 開票所","光明國中語文資源教室","臺中市西 利民里１１鄰自由路１ ７５號",藍興里,4,14﹣24,""
"臺中市西 第1067 開票所","臺 基督長老教 臺中三 教",臺中市西 藍興里１０鄰大全 １５８號,藍興里,1,2,5,11,26,""
"臺中市西 第1068 開票所",大 院,"臺中市西 公舘里２０鄰 川西路２ ４７號",公舘里,"1﹣3,10,20,24,28,29,33,35",""
"臺中市西 第1069 開票所","公舘里福德祠 中心","臺中市西 公舘里２１鄰 川西路２ １１號",公舘里,"4,5,12,15,16,18,19,27,36",""
"臺中市西 第1070 開票所",奉,臺中市西 公舘里１０鄰三民西路５６號,公舘里,"8,9,11,13,14,22,23,31,32,34",""
"臺中市西 第1071 開票所",美 老人 中心,"臺中市西 吉龍里２７鄰五 西四 ２０２號",公舘里,6,7,17,21,25,26,30,""
"臺中市西 第1072 開票所",私立幼采幼兒園,"臺中市西 和龍里１５鄰篤信 ４３巷７號",和龍里,1,2,8,10﹣15,""
"臺中市西 第1073 開票所",民德,"臺中市西 和龍里７鄰篤行路１４６巷１３號",和龍里,3﹣7,9,16﹣22,""
"臺中市西 第1074 開票所",倉,臺中市西 民龍里１８鄰大仁 ４７號,民龍里,1,4,7﹣13,16﹣20,23﹣25,""
"臺中市西 第1075 開票所","中正國小課後照顧教室(126教室)",臺中市西 民龍里１４鄰英才路４２３號,民龍里,2,3,5,6,14,15,21,22,""
"臺中市西 第1076 開票所",忠信國小忠信,臺中市西 公民里１３鄰林森路１５５號,安龍里,1,7﹣12,14,17﹣21,""
"臺中市西 第1077 開票所","臺中教育大學英才校R205教室","臺中市西 安龍里３鄰民生路２２５巷２號",安龍里,2﹣6,13,15,16,22,23,""
"臺中市西 第1078 開票所",大 國小1年1 教室,"臺中市西 吉龍里２５鄰忠明南路５１５號",吉龍里,1﹣13,""
"臺中市西 第1079 開票所",大 國小1年5 教室,"臺中市西 吉龍里２５鄰忠明南路５１５號",吉龍里,14﹣19,""
"","","",所屬里別,所屬鄰別,""
"臺中市西 第1080 開票所",大 國小1年9 教室,"臺中市西 吉龍里２５鄰忠明南路５１５號",吉龍里,20﹣23,""
"臺中市西 第1081 開票所","大 國小1年12 教室","臺中市西 吉龍里２５鄰忠明南路５１５號",吉龍里,24﹣28,""
"臺中市西 第1082 開票所","臺中市 幼聯合中心","臺中市西 後龍里２３鄰梅川東路１ ９１號",後龍里,4,5,8,16,19﹣31,""
"臺中市西 第1083 開票所",向 教,臺中市西 後龍里１８鄰民生北路９１號,後龍里,1﹣3,6,7,9﹣15,17,18,""
"臺中市西 第1084 開票所",向 國中A103教室,"臺中市西 昇平里１０鄰美 路１ ３８９號",土 里,1,2,11﹣13,28,30,""
"臺中市西 第1085 開票所","臺中市青少年福利服務中心","臺中市西 土 里２５鄰五 三 ２００號",土 里,3﹣5,16﹣23,25,29,31,""
"臺中市西 第1086 開票所",大 國小6年14教室,"臺中市西 吉龍里２５鄰忠明南路５１５號",土 里,6﹣10,14,15,24,26,27,""
"臺中市西 第1087 開票所",聖臺,臺中市西 大忠里５鄰大忠南 ５２號,大忠里,1﹣5,""
"臺中市西 第1088 開票所",宅 車,臺中市西 大忠里８鄰大忠南 ９１號,大忠里,6﹣10,""
"臺中市西 第1089 開票所",德,"臺中市西 大忠里１４鄰南屯路１ ２３０號",大忠里,11﹣17,""
"臺中市西 第1090 開票所","中正國小課後照顧教室(127教室)",臺中市西 民龍里１４鄰英才路４２３號,双龍里,1﹣12,""
"臺中市西 第1091 開票所","中正國小課後照顧教室(128教室)",臺中市西 民龍里１４鄰英才路４２３號,双龍里,13﹣26,""
"臺中市西 第1092 開票所",向 國中A105教室,"臺中市西 昇平里１０鄰美 路１ ３８９號",昇平里,6,25﹣30,""
"臺中市西 第1093 開票所",向 國中C101教室,"臺中市西 昇平里１０鄰美 路１ ３８９號",昇平里,5,8,9,11﹣17,""
"臺中市西 第1094 開票所",向 國中C103教室,"臺中市西 昇平里１０鄰美 路１ ３８９號",昇平里,18﹣20,32﹣34,""
"臺中市西 第1095 開票所",昇平老人文康中心,臺中市西 昇平里１０鄰昇平 ５１號,昇平里,1﹣4,7,10,21﹣24,31,""
"臺中市西 第1096 開票所",宅 車,臺中市西 中興里４鄰向 北路１５０號,中興里,5,15﹣24,""
"臺中市西 第1097 開票所",三元寺,"臺中市西 中興里１鄰向 路１ １２８之１號",中興里,1﹣4,6﹣14,25,""
"臺中市西 第1098 開票所","臺中市立忠明高級中學A111教室",臺中市西 忠明里２３鄰博館路１６６號,忠明里,11﹣15,22﹣24,""
"臺中市西 第1099 開票所","忠明公園忠明里中心",臺中市西 忠明里２５鄰長 ２９號,忠明里,1,3,9,19﹣21,27﹣30,""
"臺中市西 第1100 開票所",第 老人休閒中心,臺中市西 忠明里２５鄰長 ２７號,忠明里,2,4﹣8,10,16﹣18,25,26,""
"臺中市西 第1101 開票所",西 圖書館,臺中市西 公正里３鄰精誠路２５６號,公正里,1﹣6,""
"臺中市西 第1102 開票所",宅 倉,"臺中市西 公正里９鄰大同 ２１０巷１８號左側",公正里,7,9﹣11,""
"臺中市西 第1103 開票所",公正里守望 助隊隊,"臺中市西 公正里１８鄰向 路１ ５７７號",公正里,8,12﹣15,18,""
"臺中市西 第1104 開票所",東興福德廟,臺中市西 公正里２０鄰大 １５３號,公正里,16,17,19,20,""
"臺中市西 第1105 開票所",東興國小英語教室,臺中市南屯 大 里１鄰大隆路７１號,公平里,1﹣8,""
"臺中市西 第1106 開票所",東興國小2年1 教室,臺中市南屯 大 里１鄰大隆路７１號,公平里,9﹣15,""
"臺中市西 第1107 開票所",東興國小2年3 教室,臺中市南屯 大 里１鄰大隆路７１號,公平里,16﹣21,""
"臺中市西 第1108 開票所",聖明 三官廟,臺中市西 公德里１鄰大忠 １１２號,公德里,1﹣4,13﹣15,""
"臺中市西 第1109 開票所",大 中心羽 室,"臺中市西 公德里１７鄰精誠２３ ３０號３樓",公德里,5﹣8,16﹣18,""
"","","",所屬里別,所屬鄰別,""
"臺中市西 第1110 開票所",大 中心桌 室,"臺中市西 公德里１７鄰精誠２３ ３０號３樓",公德里,9﹣12,19,20,""
"臺中市西 第1111 開票所",公正福德祠,"臺中市西 公 里１０鄰公正路２１０巷１號",公 里,7,8,10﹣12,16﹣19,""
"臺中市西 第1112 開票所",宅 車,"臺中市西 公 里１４鄰向 北路２６２巷１３號",公 里,1﹣6,9,13﹣15,20,""
"臺中市西 第1113 開票所","忠明國小本土語言教室( )","臺中市西 忠誠里１１鄰臺 大道２ ５５６號",忠誠里,1﹣10,""
"臺中市西 第1114 開票所","忠明國小自然教室(二)","臺中市西 忠誠里１１鄰臺 大道２ ５５６號",忠誠里,11﹣14,18﹣22,""
"臺中市西 第1115 開票所","忠明國小 教室( )","臺中市西 忠誠里１１鄰臺 大道２ ５５６號",忠誠里,23﹣26,28,29,33,""
"臺中市西 第1116 開票所",忠誠 中心,"臺中市西 忠誠里１７鄰 美西 １ ２０３號之１",忠誠里,15﹣17,27,30﹣32,""
"臺中市東 第1117 開票所","臺中市東 戶 事務所",臺中市東 新 里１５鄰和平 ６１號,新 里,1﹣4,6﹣8,12﹣16,""
"臺中市東 第1118 開票所","臺中家 修齊樓1樓﹣1教室",臺中市東 新 里１３鄰和平 ５０號,新 里,5,9﹣11,17﹣19,21,26﹣29,""
"臺中市東 第1119 開票所",新福 (三府王爺廟),"臺中市東 新 里２３鄰和平 ２２８巷１號",新 里,20,22﹣25,30﹣33,""
"臺中市東 第1120 開票所","臺中國小勤學樓1樓社 教室",臺中市東 振興里１５鄰台中路１５３號,振興里,1,3﹣4,14﹣21,29,""
"臺中市東 第1121 開票所",振興里 中心,"臺中市東 振興里５鄰信義 １４２之１號",振興里,2,5﹣13,""
"臺中市東 第1122 開票所",福成,"臺中市東 振興里２６鄰振興路９２巷１５號",振興里,22﹣28,30﹣31,""
"臺中市東 第1123 開票所",大智國小6年1 教室,臺中市東 東橋里１７鄰大智路３５９號,東橋里,1﹣9,""
"臺中市東 第1124 開票所",大智國小2年4 教室,臺中市東 東橋里１７鄰大智路３５９號,東橋里,10﹣18,""
"臺中市東 第1125 開票所",大智國小綜合D教室,臺中市東 東橋里１７鄰大智路３５９號,東橋里,19﹣26,""
"臺中市東 第1126 開票所","東峰國中北辰樓1樓英語 境教室",臺中市東 東興里１７鄰仁和路３３０號,東興里,1﹣4,13﹣14,17﹣21,""
"臺中市東 第1127 開票所",東 圖書館,臺中市東 東興里１０鄰建德 １４４號,東興里,5﹣12,15﹣16,22,""
"臺中市東 第1128 開票所",國小 學樓1年1,臺中市東 源里１５鄰 路６０號,源里,1﹣10,""
"臺中市東 第1129 開票所","國小 學樓運 站B",臺中市東 源里１５鄰 路６０號,源里,11﹣19,""
"臺中市東 第1130 開票所",德國小導師辦公室,臺中市東 東勢里２３鄰 化路１３５號,干城里,1﹣10,""
"臺中市東 第1131 開票所","東京市銀座 大樓管室 川","臺中市東 干城里２１鄰自由路三 １０號",干城里,11﹣21,""
"臺中市東 第1132 開票所",旱溪福德祠,臺中市東 旱溪里６鄰自由路四 ９８號,旱溪里,1﹣6,8﹣11,""
"臺中市東 第1133 開票所",國農,"臺中市東 旱溪里１３鄰十甲路２６巷６號",旱溪里,7,12﹣20,""
"臺中市東 第1134 開票所",成功國小1年1 教室,"臺中市東 成里７鄰旱溪西路 ３００號",成里,1﹣10,""
"臺中市東 第1135 開票所",成功國小1年3 教室,"臺中市東 成里７鄰旱溪西路 ３００號",成里,11﹣16,""
"臺中市東 第1136 開票所",天乙 老人,臺中市東 東門里１７鄰天乙 ５０號,東門里,1﹣2,4﹣5,16,23,""
"臺中市東 第1137 開票所",天乙 辦公室,臺中市東 東門里１７鄰天乙 ５０號,東門里,12,13,21﹣22,24﹣26,""
"臺中市東 第1138 開票所",瑞光幼兒園,臺中市東 東門里１１鄰建德 ３８７號,東門里,6﹣8,10,11,15,19,""
"臺中市東 第1139 開票所",東門福德祠 中心,臺中市東 東門里１８鄰天乙 ３６號,東門里,3,9,14,17﹣18,20,""
"","","",所屬里別,所屬鄰別,""
"臺中市東 第1140 開票所",東 巨 大樓交誼,"臺中市東 十甲里５鄰東英１５ ２６０巷１３號",十甲里,1﹣3,5﹣6,8,11,""
"臺中市東 第1141 開票所",十甲福德,臺中市東 十甲里１２鄰東英８ ６３號,十甲里,4,7,9,12,16,""
"臺中市東 第1142 開票所",心福德,"臺中市東 十甲里１０鄰 心 ３７２號對面( 心 與 路口)",十甲里,10,13﹣15,""
"臺中市東 第1143 開票所",地 幼兒園,"臺中市東 東英里２鄰東英１５ １５５號",東英里,1﹣2,5,19,21﹣22,""
"臺中市東 第1144 開票所",甲干城A 室,"臺中市東 東英里１３鄰東英１１ ９１號",東英里,3﹣4,6,8,10,11,13,""
"臺中市東 第1145 開票所",久 汽車修配廠,臺中市東 東英里１６鄰東英路５０２號,東英里,7,9,14,16,18,24,""
"臺中市東 第1146 開票所",私立常 藤幼兒園,臺中市東 東英里１７鄰龍安 ６９號,東英里,12,15,17,20,23,""
"臺中市東 第1147 開票所",德國小 中心,臺中市東 東勢里２３鄰 化路１３５號,東南里,1﹣2,5,13,19﹣21,23,""
"臺中市東 第1148 開票所",瑩久龍門大樓 室,"臺中市東 東南里２２鄰旱溪西路 ５３８、５３９號",東南里,3﹣4,9,10,15﹣17,22,""
"臺中市東 第1149 開票所",晉封威靈公 城隍廟,"臺中市東 東南里１４鄰十甲路１３巷２號",東南里,6﹣8,11﹣12,14,18,""
"臺中市東 第1150 開票所","力行國小行善樓14教室",臺中市東 東勢里１７鄰 化路２２３號,東勢里,1﹣17,""
"臺中市東 第1151 開票所","德國小附 幼兒園浣熊",臺中市東 東勢里２３鄰 化路１３５號,東勢里,18﹣27,""
"臺中市東 第1152 開票所",衛道 幼兒園,臺中市東 合作里１７鄰力行路６９號,合作里,1﹣13,20﹣21,24﹣25,""
"臺中市東 第1153 開票所","力行國小行善樓資源1",臺中市東 東勢里１７鄰 化路２２３號,合作里,14﹣19,22﹣23,""
"臺中市東 第1154 開票所","力行國小親師樓5年1教室",臺中市東 東勢里１７鄰 化路２２３號,合作里,26﹣31,""
"臺中市東 第1155 開票所",練武退 宿舍中山室,臺中市東 仁里１３鄰 台 １號,仁里,1﹣2,7﹣9,11﹣17,""
"臺中市東 第1156 開票所",德國小健康中心,臺中市東 東勢里２３鄰 化路１３５號,仁里,3﹣6,""
"臺中市東 第1157 開票所",青龍 室,"臺中市東 仁里３１鄰復興路五 １０３巷１６號",仁里,10,18﹣33,""
"臺中市東 第1158 開票所",台社 管 站,"臺中市東 台里７鄰練武路２２９巷４號１樓之４",台里,1﹣7,""
"臺中市東 第1159 開票所","台社 臨時 中心",臺中市東 仁里７鄰 台 ３之１號,台里,8﹣19,""
"臺中市東 第1160 開票所",土牛 善,"臺中市東 東信里１鄰 路４３２之１號",東信里,1﹣2,9﹣11,27,30﹣31,""
"臺中市東 第1161 開票所",生法寺,"臺中市東 東信里８鄰振興路４３７巷５７號",東信里,3,8,12﹣13,16,21,26,28,""
"臺中市東 第1162 開票所",東信福德祠,臺中市東 東信里３２鄰長福路１號,東信里,22,33﹣34,""
"臺中市東 第1163 開票所",天,"臺中市東 東信里６鄰振興路２８０巷３０號",東信里,4,6﹣7,14,23﹣25,32,""
"臺中市東 第1164 開票所",福興祠,"臺中市東 東信里１８鄰環中東路五 １２２號",東信里,5,15,17﹣20,29,""
"臺中市南 第1165 開票所",長 閱覽室,臺中市南 長 里合作 ６號,長 里,1﹣13,15,20,22﹣24,""
"臺中市南 第1166 開票所",安聯合 所,臺中市南 長 里愛國 ８０號,長 里,14,16﹣19,21,25﹣30,""
"臺中市南 第1167 開票所",臺中市林氏宗廟,臺中市南 長榮里國光路５５號,長榮里,1﹣12,14,15,17﹣20,""
"臺中市南 第1168 開票所",醒修 宣講,臺中市南 長榮里國光路９４號,長榮里,13,16,21﹣28,""
"臺中市南 第1169 開票所",城隍廟,臺中市南 城隍里合作 ９４巷５０號,城隍里,"1﹣4,6,8,10,12,14,16,20﹣31,33",""
"","","",所屬里別,所屬鄰別,""
"臺中市南 第1170 開票所",城隍里福德祠,臺中市南 城隍里建成路１４７０－１號,城隍里,"5,7,9,11,13,15,17﹣19,32,34﹣42",""
"臺中市南 第1171 開票所",國光國小 年,臺中市南 國光里國光路２６１號,國光里,"7﹣13,15,18﹣22,25,26,29,32﹣35",""
"臺中市南 第1172 開票所",國光國小快 教室,臺中市南 國光里國光路２６１號,國光里,"1﹣6,14,16,17,23,24,27,28,30,31,36,37",""
"臺中市南 第1173 開票所","慈光圖書館附 瑞光分館",臺中市南 南門里瑞光 ９號,南門里,1﹣17,""
"臺中市南 第1174 開票所",南門里 中心,臺中市南 南門里瑞光 ３３號,南門里,18﹣34,""
"臺中市南 第1175 開票所",中興 中心,臺中市南 德義里復新 ８９號,德義里,5﹣10,15﹣17,20,21,23,24,""
"臺中市南 第1176 開票所","中興 中心地下1樓禮",臺中市南 德義里復新 ８９號,德義里,1﹣4,11﹣14,18,19,22,25,""
"臺中市南 第1177 開票所",積善里福德祠,臺中市南 積善里興大路２０２號,積善里,1﹣8,10,12﹣16,26,""
"臺中市南 第1178 開票所",衛斯 托兒所,臺中市南 積善里五 南 路５０號,積善里,9,11,17﹣25,""
"臺中市南 第1179 開票所",江氏祠,臺中市南 江川里永和 １５９號,江川里,1,2,5,8,9,11,13﹣18,""
"臺中市南 第1180 開票所",心心幼兒園,臺中市南 江川里學府路１２１號,江川里,3,4,6,7,10,12,19﹣21,""
"臺中市南 第1181 開票所",新榮里 中心,臺中市南 新榮里新 １６８號,新榮里,1﹣7,9﹣13,15﹣17,""
"臺中市南 第1182 開票所",賺錢時代廣 1樓,臺中市南 新榮里學府路１７０號１樓,新榮里,8,14,18﹣28,""
"臺中市南 第1183 開票所",福興里 中心,臺中市南 福興里福南 ８９號,福興里,1﹣14,""
"臺中市南 第1184 開票所",福興,臺中市南 福興里福南 １００巷２號,福興里,15﹣27,""
"臺中市南 第1185 開票所",四育國中四育館,臺中市南 福平里復興路二 １５２號,福平里,1﹣10,32,""
"臺中市南 第1186 開票所",福平里 中心,臺中市南 福平里復興路二 １５８號,福平里,11﹣22,31,""
"臺中市南 第1187 開票所",四育國中樹人館,臺中市南 福平里復興路二 １５２號,福平里,23﹣30,33,""
"臺中市南 第1188 開票所",福 里 所,臺中市南 福 里福德 １５７號,福 里,15﹣23,""
"臺中市南 第1189 開票所",西 圖幼兒園,臺中市南 福 里南昌 ５５號,福 里,1﹣3,7﹣9,12﹣14,""
"臺中市南 第1190 開票所",大安國王大樓管 室,臺中市南 福 里忠明南路７８７號,福 里,4﹣6,10,11,24﹣26,""
"臺中市南 第1191 開票所",和平國小 年三,臺中市南 和平里復興路二 ５７號,和平里,1﹣8,10,11,""
"臺中市南 第1192 開票所",和平國小 年四,臺中市南 和平里復興路二 ５７號,和平里,9,12﹣16,""
"臺中市南 第1193 開票所",信義國小語言教室,臺中市南 平和里五 南路３２５號,平和里,"2,4,5﹣7,13,14,17﹣19,23,24",""
"臺中市南 第1194 開票所",信義國小美勞教室,臺中市南 平和里五 南路３２５號,平和里,1,3,8﹣12,15,16,20﹣22,""
"臺中市南 第1195 開票所",南和里 中心,臺中市南 南和里工學三 ２３號,南和里,1,2,4,9,10,17,""
"臺中市南 第1196 開票所",聖學府大廈交誼,臺中市南 南和里工學路６０號,南和里,3,5﹣7,12﹣14,""
"臺中市南 第1197 開票所",長億城香榭 管 室,臺中市南 南和里工學北路７１巷６號,南和里,8,11,15,16,""
"臺中市南 第1198 開票所",寶樹幼兒園,臺中市南 永興里美 南路１１０號,永興里,2,3,9,12﹣14,23,29,32,""
"","","",所屬里別,所屬鄰別,""
"臺中市南 第1200 開票所","廣三大帝國 室(B哨)",臺中市南 永興里工學路５９巷６５號,永興里,1,4,5,19,20,24,25,""
"臺中市南 第1201 開票所","永興里常年守望 助隊","臺中市南 永興里工學二 １４９號與工學二 １５１巷口",永興里,6,7,17,18,22,26,27,30,""
"臺中市南 第1202 開票所",民宅(空屋),臺中市南 永和里南和路１２６號,永和里,1,3﹣6,13﹣21,23,""
"臺中市南 第1203 開票所",天幼兒學校蜜蜂,臺中市南 永和里五 南路６６１號,永和里,2,7﹣12,22,24﹣28,""
"臺中市南 第1204 開票所",樹義國小 年,臺中市南 樹義里福田路１１號,樹義里,1﹣5,37﹣40,""
"臺中市南 第1205 開票所",樹義國小 年三,臺中市南 樹義里福田路１１號,樹義里,"7﹣9,17,20,27,34,35,45,46",""
"臺中市南 第1206 開票所",匯豐汽車,臺中市南 樹義里復興路 ２號,樹義里,"6,11﹣13,30,36,41,43,44,48,49",""
"臺中市南 第1207 開票所","福田水資源回收中心2樓 室",臺中市南 樹義里福田二 ２３號,樹義里,19,24﹣26,29,31,33,42,47,""
"臺中市南 第1208 開票所",鷗森幼兒園,臺中市南 樹義里福田路８８號,樹義里,10,14﹣16,18,21﹣23,28,32,""
"臺中市南 第1209 開票所",高福哲園大廈 室,臺中市南 工學里文心南十路１９７號,工學里,1﹣6,14﹣17,""
"臺中市南 第1210 開票所",山育幼兒園,臺中市南 工學里大慶 ６１號,工學里,7﹣13,""
"臺中市南 第1211 開票所",工學天下社 室,臺中市南 工學里工學北路１５３號,工學里,18﹣26,""
"臺中市南 第1212 開票所",林姓 山 祠,臺中市南 樹德里樹德二巷８號,樹德里,3﹣6,17,27,""
"臺中市南 第1213 開票所",大慶 中心,臺中市南 樹德里德 路１００號,樹德里,1,18,23,31,32,""
"臺中市南 第1214 開票所",采禾幼兒園,臺中市南 樹德里文心南路５９２巷１號,樹德里,2,11,19,24,28﹣30,""
"臺中市南 第1215 開票所",民宅(空屋),臺中市南 樹德里大慶 二 ８６－４號,樹德里,7﹣10,12﹣15,25,""
"臺中市南 第1216 開票所",中山幼 園,臺中市南 樹德里建國南路 １２６號,樹德里,16,20﹣22,26,""
"臺中市南 第1217 開票所","倫國中 義樓 年五",臺中市南 西川里忠明南路６５３號,西川里,"1,3﹣7,11,12,14,15,18,21,22",""
"臺中市南 第1218 開票所",仁 中心,臺中市南 西川里 川西路 ５９號,西川里,"2,8﹣10,13,16,17,19,20,23",""
"臺中市南 第1219 開票所",倫里 中心,臺中市南 倫里 倫 ５２－３號,倫里,4,7﹣12,17,19﹣21,""
"臺中市南 第1220 開票所",合興,臺中市南 倫里西川 路６６號,倫里,1﹣3,5,6,24﹣26,""
"臺中市南 第1221 開票所","大安紫金城C、D棟中廣 ( 川 )","臺中市南 倫里忠明南路７３０巷２３號",倫里,13﹣16,18,22,23,""
"臺中市太平 第1222 開票所",太平里 中心,"臺中市太平 太平里８鄰太平１９ ７巷１號",太平里,1﹣11,17,18,""
"臺中市太平 第1223 開票所",太平國小( ),臺中市太平 中 里４鄰中興路３５號,太平里,12,19﹣21,28﹣30,""
"臺中市太平 第1224 開票所",全佑幼兒園,"臺中市太平 太平里２６鄰永豐路３２７巷２之１號",太平里,13﹣16,22﹣27,""
"臺中市太平 第1225 開票所","長億里、永成里中心",臺中市太平 永成里３鄰長億路１之１號,長億里,1﹣7,""
"臺中市太平 第1226 開票所",太平 太平圖書館,臺中市太平 長億里１鄰太平３ ２０號,長億里,8﹣12,16,""
"臺中市太平 第1227 開票所",長億高中,臺中市太平 長億里１４鄰長億６ １號,長億里,13﹣15,17,""
"臺中市太平 第1228 開票所",太平 老人 中心,臺中市太平 長億里１鄰太平路１１１號,永成里,1﹣7,""
"臺中市太平 第1229 開票所",長億國小( ),"臺中市太平 長億里１７鄰太平３ ２９５號",永成里,8﹣12,""
"","","",所屬里別,所屬鄰別,""
"臺中市太平 第1230 開票所",長億國小(二),"臺中市太平 長億里１７鄰太平３ ２９５號",永成里,13﹣17,""
"臺中市太平 第1231 開票所",中平國中( ),臺中市太平 中平里８鄰太平路３００號,中平里,1,2,6﹣10,12﹣14,""
"臺中市太平 第1232 開票所","中平里、中 里、平安里 中心","臺中市太平 中平里３鄰中平九 １８１號",中平里,3﹣5,11,15﹣21,""
"臺中市太平 第1233 開票所",太平國小(二),臺中市太平 中 里４鄰中興路３５號,中 里,1﹣11,""
"臺中市太平 第1234 開票所",太平國小(三),臺中市太平 中 里４鄰中興路３５號,中 里,12﹣20,""
"臺中市太平 第1235 開票所",中平國中(二),臺中市太平 中平里８鄰太平路３００號,平安里,1﹣7,""
"臺中市太平 第1236 開票所",中平國中(三),臺中市太平 中平里８鄰太平路３００號,平安里,8﹣13,""
"臺中市太平 第1237 開票所","中興里、永平里中心","臺中市太平 中興里４鄰新平路１ １７５巷２９號",中興里,1﹣10,""
"臺中市太平 第1238 開票所",太平國小(四),臺中市太平 中 里４鄰中興路３５號,中興里,11﹣20,""
"臺中市太平 第1239 開票所",東平國小( ),"臺中市太平 成功里６鄰中興東路２１３號",永平里,1﹣9,""
"臺中市太平 第1240 開票所",太平國小(五),臺中市太平 中 里４鄰中興路３５號,永平里,10﹣20,""
"臺中市太平 第1241 開票所",東平國小(二),"臺中市太平 成功里６鄰中興東路２１３號",東平里,1﹣8,11,""
"臺中市太平 第1242 開票所","東平里、成功里、東和里 中心",臺中市太平 東平里９鄰中和 ３２號,東平里,9,10,12﹣16,""
"臺中市太平 第1243 開票所",東平國小(三),"臺中市太平 成功里６鄰中興東路２１３號",成功里,1﹣7,15,""
"臺中市太平 第1244 開票所",東平國小(四),"臺中市太平 成功里６鄰中興東路２１３號",成功里,8﹣14,""
"臺中市太平 第1245 開票所",東平國小(五),"臺中市太平 成功里６鄰中興東路２１３號",東和里,1﹣6,""
"臺中市太平 第1246 開票所",東平國小(六),"臺中市太平 成功里６鄰中興東路２１３號",東和里,7﹣11,""
"臺中市太平 第1247 開票所",建平國小( ),"臺中市太平 建國里１６鄰精美路２０１號",建國里,1﹣10,""
"臺中市太平 第1248 開票所",建平國小(二),"臺中市太平 建國里１６鄰精美路２０１號",建國里,11﹣21,""
"臺中市太平 第1249 開票所","建國里、建興里中心","臺中市太平 建國里９鄰精美路３０１巷２５號",建興里,1﹣10,""
"臺中市太平 第1250 開票所",建平國小(三),"臺中市太平 建國里１６鄰精美路２０１號",建興里,11﹣20,""
"臺中市太平 第1251 開票所",坪林國小( ),臺中市太平 坪林里８鄰坪林路４５號,坪林里,1﹣10,""
"臺中市太平 第1252 開票所",太平國中( ),"臺中市太平 坪林里１８鄰中山路２ １１６號",坪林里,11﹣18,""
"臺中市太平 第1253 開票所",太平國中(二),"臺中市太平 坪林里１８鄰中山路２ １１６號",大興里,1﹣6,""
"臺中市太平 第1254 開票所","屯 藝文中心實驗劇( )",臺中市太平 光 里６鄰大興路２０１號,大興里,7﹣14,""
"臺中市太平 第1255 開票所","坪林里、大興里、勤里 中心","臺中市太平 勤 里１６鄰中山路１ ３５８巷１６號",勤 里,1﹣8,""
"臺中市太平 第1256 開票所",坪林國小(二),臺中市太平 坪林里８鄰坪林路４５號,勤 里,9,12﹣17,""
"臺中市太平 第1257 開票所",品 宅倉,"臺中市太平 光 里５鄰大興１５ ５０巷３７ ５號",光 里,1﹣6,""
"臺中市太平 第1258 開票所","屯 藝文中心實驗劇(二)",臺中市太平 光 里６鄰大興路２０１號,光 里,7,8,13﹣16,""
"臺中市太平 第1259 開票所","屯 藝文中心實驗劇(三)",臺中市太平 光 里５鄰大興路２０１號,光 里,9﹣12,17﹣19,""
"","","",所屬里別,所屬鄰別,""
"臺中市太平 第1260 開票所","光 里、光明里中心( )","臺中市太平 光明里３鄰大興１１ １７７號",光明里,1﹣9,""
"臺中市太平 第1261 開票所","光 里、光明里中心(二)","臺中市太平 光明里３鄰大興１１ １７７號",光明里,10﹣17,""
"臺中市太平 第1262 開票所",自立新城 中心,"臺中市太平 中山里６鄰中山路２ ３９９巷３ １號",中山里,1﹣9,""
"臺中市太平 第1263 開票所",中 國小( ),"臺中市太平 中山里１５鄰大源路１之２０號",中山里,10﹣16,""
"臺中市太平 第1264 開票所","中山里、豐年里中心","臺中市太平 豐年里２鄰大源路１０巷４０號",豐年里,1﹣13,""
"臺中市太平 第1265 開票所",中 國小(二),"臺中市太平 中山里１５鄰大源路１之２０號",豐年里,14﹣23,""
"臺中市太平 第1266 開票所","宜欣里、宜昌里、宜佳里 中心",臺中市太平 宜欣里６鄰宜昌東路１號,宜欣里,1﹣6,""
"臺中市太平 第1267 開票所",宜欣國小( ),"臺中市太平 宜欣里６鄰新平路２ １００號",宜欣里,7﹣12,""
"臺中市太平 第1268 開票所",宜欣國小(二),"臺中市太平 宜欣里６鄰新平路２ １００號",宜欣里,13﹣19,""
"臺中市太平 第1269 開票所",宜欣國小(三),"臺中市太平 宜欣里６鄰新平路２ １００號",宜欣里,20﹣24,""
"臺中市太平 第1270 開票所",宜欣國小(四),"臺中市太平 宜欣里６鄰新平路２ １００號",宜佳里,1﹣7,""
"臺中市太平 第1271 開票所",宜欣國小(五),"臺中市太平 宜欣里６鄰新平路２ １００號",宜佳里,8﹣15,""
"臺中市太平 第1272 開票所",宜欣國小(六),"臺中市太平 宜欣里６鄰新平路２ １００號",宜佳里,16﹣23,""
"臺中市太平 第1273 開票所",后 長青 館,"臺中市太平 宜昌里６鄰中山路３ ６７巷６７號",宜昌里,1﹣7,16,""
"臺中市太平 第1274 開票所",宜欣國小(七),"臺中市太平 宜欣里６鄰新平路２ １００號",宜昌里,8﹣15,""
"臺中市太平 第1275 開票所","新坪里、新吉里、新城里 中心","臺中市太平 新坪里９鄰新平路３ ３９４巷１號",新坪里,1﹣12,""
"臺中市太平 第1276 開票所",新平國小( ),"臺中市太平 新坪里２０鄰樹孝路３３６巷９號",新坪里,13﹣18,""
"臺中市太平 第1277 開票所",新平國小(二),"臺中市太平 新坪里２０鄰樹孝路３３６巷９號",新坪里,19﹣22,30,""
"臺中市太平 第1278 開票所",新平國小(三),"臺中市太平 新坪里２０鄰樹孝路３３６巷９號",新坪里,23﹣29,""
"臺中市太平 第1279 開票所",新平 出所 車,"臺中市太平 新吉里７鄰新平路３ ７２號",新吉里,1﹣9,""
"臺中市太平 第1280 開票所",新平國小(四),"臺中市太平 新坪里２０鄰樹孝路３３６巷９號",新吉里,10﹣17,""
"臺中市太平 第1281 開票所",新平國小(五),"臺中市太平 新坪里２０鄰樹孝路３３６巷９號",新吉里,18﹣23,""
"臺中市太平 第1282 開票所",新平國小(六),"臺中市太平 新坪里２０鄰樹孝路３３６巷９號",新城里,1﹣7,""
"臺中市太平 第1283 開票所",新平國小(七),"臺中市太平 新坪里２０鄰樹孝路３３６巷９號",新城里,8﹣16,""
"臺中市太平 第1284 開票所",新平國小(八),"臺中市太平 新坪里２０鄰樹孝路３３６巷９號",新城里,17﹣23,""
"臺中市太平 第1285 開票所","新光里、新高里、新興里 中心",臺中市太平 新興里６鄰樹德９ ６２號,新光里,1,2,9﹣12,24,""
"臺中市太平 第1286 開票所",新光國小( ),"臺中市太平 新光里１５鄰樹德１ １３６巷３０號",新光里,3﹣8,14,""
"臺中市太平 第1287 開票所",新光國小(二),"臺中市太平 新光里１５鄰樹德１ １３６巷３０號",新光里,15﹣19,""
"臺中市太平 第1288 開票所",新光國小(三),"臺中市太平 新光里１５鄰樹德１ １３６巷３０號",新光里,13,20﹣23,""
"臺中市太平 第1289 開票所",新光國中( ),"臺中市太平 新興里７鄰樹德９ １３９號",新興里,1﹣5,""
"","","",所屬里別,所屬鄰別,""
"臺中市太平 第1290 開票所",新光國中(二),"臺中市太平 新興里７鄰樹德９ １３９號",新興里,6﹣13,""
"臺中市太平 第1291 開票所",好兒美幼兒園,臺中市太平 新高里１０鄰立德 ７７號,新高里,1﹣9,""
"臺中市太平 第1292 開票所",立德公園管 室,"臺中市太平 新高里１０鄰立德 ７２巷內",新高里,10﹣17,""
"臺中市太平 第1293 開票所",新福里 中心,"臺中市太平 新福里５鄰振福路３００巷１號",新福里,1﹣10,""
"臺中市太平 第1294 開票所",新光國小(四),"臺中市太平 新光里１５鄰樹德１ １３６巷３０號",新福里,11﹣15,""
"臺中市太平 第1295 開票所",芳鄰名邸社 康 室,臺中市太平 新福里２２鄰振福路９７號,新福里,16﹣24,""
"臺中市太平 第1296 開票所",頭汴國小,臺中市太平 頭汴里７鄰北田路２０號,頭汴里,全里,""
"臺中市太平 第1297 開票所",聖和里 中心,"臺中市太平 頭汴里２鄰長龍路２ １１巷１８號",聖和里,全里,""
"臺中市太平 第1298 開票所",東汴里 中心,"臺中市太平 東汴里５鄰長龍路３ １３５號",東汴里,全里,""
"臺中市太平 第1299 開票所",冬瓜山 中心,"臺中市太平 興隆里４鄰光興路１４８０巷７５號",興隆里,1﹣8,""
"臺中市太平 第1300 開票所",車籠 國小( ),"臺中市太平 光隆里８鄰光明路１０之２號",興隆里,9﹣17,""
"臺中市太平 第1301 開票所",福隆里 中心,"臺中市太平 福隆里１２鄰光興路１４６３巷８號",福隆里,1﹣4,11﹣14,""
"臺中市太平 第1302 開票所","東方大鎮社 中心","臺中市太平 福隆里１０鄰東方 １４之１號",福隆里,5﹣10,15,""
"臺中市太平 第1303 開票所",國小,臺中市太平 里５鄰 路４１號,里,全里,""
"臺中市太平 第1304 開票所","光隆里、永隆里中心","臺中市太平 光隆里３鄰光明路３６之６號",光隆里,1﹣8,""
"臺中市太平 第1305 開票所",車籠 國小(二),"臺中市太平 光隆里８鄰光明路１０之２號",光隆里,9﹣16,""
"臺中市太平 第1306 開票所",光隆國小( ),"臺中市太平 永隆里６鄰光興路４８７巷５號",永隆里,1﹣6,""
"臺中市太平 第1307 開票所",光隆國小(二),"臺中市太平 永隆里６鄰光興路４８７巷５號",永隆里,7﹣12,""
"臺中市太平 第1308 開票所",廖勝岳宅廠房,臺中市太平 德隆里４鄰德明路３７號,德隆里,1﹣6,""
"臺中市太平 第1309 開票所",德隆里 中心,"臺中市太平 德隆里１６鄰德興 １３６巷１７８號",德隆里,11﹣16,""
"臺中市太平 第1310 開票所","太平德隆新社中心","臺中市太平 德隆里２０鄰德明路４２２號",德隆里,7﹣10,17﹣21,""
"臺中市大里 第1311 開票所",青年高中( ),"臺中市大里 東 里３０鄰中 路１００號",東 里,1,2,17﹣19,23﹣25,""
"臺中市大里 第1312 開票所",青年高中(二),"臺中市大里 東 里３０鄰中 路１００號",東 里,26,30﹣33,""
"臺中市大里 第1313 開票所",青年高中(三),"臺中市大里 東 里３０鄰中 路１００號",東 里,34﹣36,""
"臺中市大里 第1314 開票所",太子,"臺中市大里 東 里１５鄰東南路２０７巷３６號",東 里,16,20﹣22,27﹣29,""
"臺中市大里 第1315 開票所",東 社 中心,"臺中市大里 東 里１５鄰東南路２０７巷３６號",東 里,10﹣15,""
"臺中市大里 第1316 開票所",光仁托兒所,臺中市大里 東 里９鄰東 路１８６號,東 里,3﹣9,""
"臺中市大里 第1317 開票所",國小,臺中市大里 西 里２鄰西 路３２號,西 里,1﹣8,""
"臺中市大里 第1318 開票所",西 社 中心,"臺中市大里 西 里１０鄰西 路３５１號",西 里,9﹣16,""
"臺中市大里 第1319 開票所",市立大里高中( ),"臺中市大里 大元里２２鄰國中路３６５號",大里里,1﹣9,""
"","","",所屬里別,所屬鄰別,""
"臺中市大里 第1320 開票所",市立大里高中(二),"臺中市大里 大元里２２鄰國中路３６５號",大里里,10﹣17,""
"臺中市大里 第1321 開票所",大里國小( ),臺中市大里 新里里１８鄰新興路５０號,新里里,1﹣4,19,20,24,25,""
"臺中市大里 第1322 開票所",大里國小(二),臺中市大里 新里里１８鄰新興路５０號,新里里,9﹣16,""
"臺中市大里 第1323 開票所",大里國小(三),臺中市大里 新里里１８鄰新興路５０號,新里里,17,26﹣28,30,""
"臺中市大里 第1324 開票所",大里國小(四),臺中市大里 新里里１８鄰新興路５０號,新里里,31﹣35,""
"臺中市大里 第1325 開票所",大新社 中心,"臺中市大里 新里里２２鄰新興路９９巷１６ ５６號",新里里,5﹣8,18,21﹣23,29,""
"臺中市大里 第1326 開票所",白,臺中市大里 國光里５鄰六桂２路５５號,國光里,2﹣7,""
"臺中市大里 第1327 開票所","國立中興大學附屬高級中學( )",臺中市大里 國光里１鄰東榮路３６９號,國光里,1,8,9,""
"臺中市大里 第1328 開票所","國立中興大學附屬高級中學(二)",臺中市大里 國光里１鄰東榮路３６９號,國光里,10﹣13,""
"臺中市大里 第1329 開票所","國立中興大學附屬高級中學(三)",臺中市大里 國光里１鄰東榮路３６９號,國光里,14﹣20,""
"臺中市大里 第1330 開票所","樹王里 安 事務所( )",臺中市大里 樹王里７鄰 安路９３號,樹王里,1﹣9,""
"臺中市大里 第1331 開票所","樹王里 安 事務所(二)",臺中市大里 樹王里７鄰 安路９３號,樹王里,10﹣17,""
"臺中市大里 第1332 開票所",祥賢 辦公室,"臺中市大里 祥興里２鄰中興路２ ８８２號",祥興里,2﹣5,19,30,""
"臺中市大里 第1333 開票所",祥興社 中心,"臺中市大里 祥興里１７鄰中興路２ 祥興３巷１０ ３４號",祥興里,6﹣18,24,31,""
"臺中市大里 第1334 開票所","大智 園城管 委文康室","臺中市大里 祥興里３４鄰大智路５６５巷內",祥興里,1,20,21,26﹣28,""
"臺中市大里 第1335 開票所","大智 園城管 委辦公室","臺中市大里 祥興里３４鄰大智路５６５巷內",祥興里,25,32﹣37,""
"臺中市大里 第1336 開票所",陳 熙宅,臺中市大里 祥興里２９鄰吉善路２號,祥興里,22,23,29,""
"臺中市大里 第1337 開票所",內新里 中心( ),臺中市大里 內新里８鄰中新 ９號,內新里,1﹣6,""
"臺中市大里 第1338 開票所","內新里 中心2樓(二)",臺中市大里 內新里８鄰中新 ９號,內新里,7﹣14,""
"臺中市大里 第1339 開票所","臺中市兒童青少年福利服務中心( )",臺中市大里 內新里１６鄰新光路３２號,內新里,15﹣20,""
"臺中市大里 第1340 開票所","臺中市兒童青少年福利服務中心(二)",臺中市大里 內新里１６鄰新光路３２號,內新里,21﹣26,""
"臺中市大里 第1341 開票所","臺中市兒童青少年福利服務中心2樓(三)",臺中市大里 內新里１６鄰新光路３２號,內新里,27﹣33,""
"臺中市大里 第1342 開票所",大元國小( ),臺中市大里 大元里１鄰 岱路６０號,中新里,1﹣7,""
"臺中市大里 第1343 開票所",大元國小(二),臺中市大里 大元里１鄰 岱路６０號,中新里,8﹣14,""
"臺中市大里 第1344 開票所",大元國小(三),臺中市大里 大元里１鄰 岱路６０號,中新里,15﹣21,""
"臺中市大里 第1345 開票所",內新國小( ),"臺中市大里 東昇里７鄰新仁路２ ４２號",東昇里,1﹣14,""
"臺中市大里 第1346 開票所",內新國小(二),"臺中市大里 東昇里７鄰新仁路２ ４２號",東昇里,15﹣22,""
"臺中市大里 第1347 開票所",大元社 中心,"臺中市大里 大元里４鄰大元路６２之１號",大元里,2﹣6,9,10,20,""
"臺中市大里 第1348 開票所",市立大里高中(三),"臺中市大里 大元里２２鄰國中路３６５號",大元里,7,8,11,15﹣18,21,22,""
"臺中市大里 第1349 開票所",大元國小(四),臺中市大里 大元里１鄰 岱路６０號,大元里,12﹣14,19,23,""
"","","",所屬里別,所屬鄰別,""
"臺中市大里 第1350 開票所",夏田社 中心,臺中市大里 夏田里３鄰頂厝路１２５號,夏田里,全里,""
"臺中市大里 第1351 開票所",光正國中,臺中市大里 健民里１８鄰鳳 路６８號,仁化里,1﹣6,28,29,""
"臺中市大里 第1352 開票所",塗城國小( ),"臺中市大里 仁德里１３鄰文化 １２０號",仁化里,7﹣12,30﹣32,""
"臺中市大里 第1353 開票所",塗城國小(二),"臺中市大里 仁德里１３鄰文化 １２０號",仁化里,13﹣20,""
"臺中市大里 第1354 開票所",成功國中( ),"臺中市大里 仁德里１３鄰至善路１５７號",仁化里,21﹣27,33,34,""
"臺中市大里 第1355 開票所",塗城國小(三),"臺中市大里 仁德里１３鄰文化 １２０號",仁德里,1﹣8,""
"臺中市大里 第1356 開票所",成功國中(二),"臺中市大里 仁德里１３鄰至善路１５７號",仁德里,9﹣17,""
"臺中市大里 第1357 開票所",成功國中(三),"臺中市大里 仁德里１３鄰至善路１５７號",仁德里,18﹣25,""
"臺中市大里 第1358 開票所",仔坑社 中心,臺中市大里 健民里３０鄰健民路１３號,健民里,1﹣5,17,24﹣26,""
"臺中市大里 第1359 開票所",健民國小( ),臺中市大里 健民里１５鄰校 路２６號,健民里,6﹣16,18,19,""
"臺中市大里 第1360 開票所",健民國小(二),臺中市大里 健民里１５鄰校 路２６號,健民里,20﹣23,27﹣30,""
"臺中市大里 第1361 開票所",美群國小( ),臺中市大里 塗城里７鄰美群路９９號,塗城里,1﹣4,26﹣29,33,""
"臺中市大里 第1362 開票所",美群國小(二),臺中市大里 塗城里７鄰美群路９９號,塗城里,5﹣8,30﹣32,34,""
"臺中市大里 第1363 開票所",美群國小(三),臺中市大里 塗城里７鄰美群路９９號,塗城里,9﹣11,13﹣19,""
"臺中市大里 第1364 開票所",美群國小(四),臺中市大里 塗城里７鄰美群路９９號,塗城里,12,20﹣25,35,""
"臺中市大里 第1365 開票所",光國小( ),"臺中市大里 東興里１９鄰大明路１８１號",東興里,1﹣8,19,""
"臺中市大里 第1366 開票所",光國小(二),"臺中市大里 東興里１９鄰大明路１８１號",東興里,12,13,20,21,24﹣26,""
"臺中市大里 第1367 開票所",光國小(三),"臺中市大里 東興里１９鄰大明路１８１號",東興里,10,11,14,15,17,22,23,27,""
"臺中市大里 第1368 開票所",慧欣托兒所,"臺中市大里 東興里１８鄰永興路２０５巷２１ ３６號",東興里,9,16,18,28﹣31,""
"臺中市大里 第1369 開票所",大明中學( ),"臺中市大里 大明里１３鄰新仁路３ ２１０號",大明里,1﹣3,6﹣9,""
"臺中市大里 第1370 開票所",大明中學(二),"臺中市大里 大明里１３鄰新仁路３ ２１０號",大明里,4,5,10﹣14,""
"臺中市大里 第1371 開票所",東勢尾社 中心,"臺中市大里 大明里２０鄰東興路１００號",大明里,15﹣21,""
"臺中市大里 第1372 開票所",永隆國小( ),臺中市大里 永隆里１２鄰永隆５ ２號,永隆里,1﹣3,""
"臺中市大里 第1373 開票所",永隆國小(二),臺中市大里 永隆里１２鄰永隆５ ２號,永隆里,4﹣10,""
"臺中市大里 第1374 開票所",文國中( ),臺中市大里 永隆里２３鄰永隆３ １號,永隆里,11﹣17,""
"臺中市大里 第1375 開票所",文國中(二),臺中市大里 永隆里２３鄰永隆３ １號,永隆里,18﹣24,""
"臺中市大里 第1376 開票所","臺中市立大里幼兒園日新分 ( )","臺中市大里 日新里３３鄰日新路３８３號",日新里,1﹣4,33﹣36,""
"臺中市大里 第1377 開票所","臺中市立大里幼兒園日新分 (二)","臺中市大里 日新里３３鄰日新路３８３號",日新里,5﹣16,28,30﹣32,""
"臺中市大里 第1378 開票所",日新社 中心,"臺中市大里 日新里１９鄰福大路１之１號",日新里,17﹣27,29,""
"臺中市大里 第1379 開票所",光榮國中( ),"臺中市大里 西榮里２８鄰東榮路２８０號",西榮里,1﹣3,5﹣11,20,21,23,""
"","","",所屬里別,所屬鄰別,""
"臺中市大里 第1380 開票所",光榮國中(二),"臺中市大里 西榮里２８鄰東榮路２８０號",西榮里,4,24﹣27,""
"臺中市大里 第1381 開票所",光榮國中(三),"臺中市大里 西榮里２８鄰東榮路２８０號",西榮里,12﹣19,22,28﹣30,""
"臺中市大里 第1382 開票所",民國小( ),"臺中市大里 長榮里１０鄰 民路２ ４８號",長榮里,1﹣4,27﹣29,32,""
"臺中市大里 第1383 開票所",民國小(二),"臺中市大里 長榮里１０鄰 民路２ ４８號",長榮里,5﹣10,15,16,""
"臺中市大里 第1384 開票所",民國小(三),"臺中市大里 長榮里１０鄰 民路２ ４８號",長榮里,17﹣26,""
"臺中市大里 第1385 開票所",民國小(四),"臺中市大里 長榮里１０鄰 民路２ ４８號",長榮里,11﹣14,30,31,""
"臺中市大里 第1386 開票所","金城社 中心( )","臺中市大里 金城里１８鄰塗城路９２３巷１９號",金城里,8,9,17﹣25,43,44,""
"臺中市大里 第1387 開票所","金城社 中心(二)","臺中市大里 金城里１８鄰塗城路９２３巷１９號",金城里,6,7,10,26﹣28,37,38,45,""
"臺中市大里 第1388 開票所",郇城教,"臺中市大里 金城里３６鄰成功路８７巷１０號",金城里,29﹣36,40,""
"臺中市大里 第1389 開票所",塗城國小(四),"臺中市大里 仁德里１３鄰文化 １２０號",金城里,2,3,11﹣16,""
"臺中市大里 第1390 開票所",成功國中(四),"臺中市大里 仁德里１３鄰至善路１５７號",金城里,1,4,5,39,41,42,""
"臺中市大里 第1391 開票所",立新國小( ),"臺中市大里 立仁里２０鄰立新 ３３８號",立仁里,1﹣3,18﹣20,""
"臺中市大里 第1392 開票所",立新國小(二),"臺中市大里 立仁里２０鄰立新 ３３８號",立仁里,4,13﹣17,""
"臺中市大里 第1393 開票所",立新國小(三),"臺中市大里 立仁里２０鄰立新 ３３８號",立仁里,5﹣12,""
"臺中市大里 第1394 開票所",立新國中( ),"臺中市大里 立仁里２０鄰甲 路２３６號",立德里,1﹣7,""
"臺中市大里 第1395 開票所",立新國中(二),"臺中市大里 立仁里２０鄰甲 路２３６號",立德里,8﹣14,""
"臺中市大里 第1396 開票所",立新國中(三),"臺中市大里 立仁里２０鄰甲 路２３６號",立德里,15﹣21,""
"臺中市大里 第1397 開票所",立新國中(四),"臺中市大里 立仁里２０鄰甲 路２３６號",立德里,22﹣30,""
"臺中市大里 第1398 開票所","新仁社 守望 助隊隊","臺中市大里 新仁里１鄰新仁路１ １號斜對面",新仁里,1﹣6,8,25,""
"臺中市大里 第1399 開票所","新仁社 中心廣",臺中市大里 新仁里７鄰立新 ７１號,新仁里,7,11﹣16,26,28,""
"臺中市大里 第1400 開票所","新仁社 中心( )",臺中市大里 新仁里７鄰立新 ７１號,新仁里,9,10,17﹣20,27,""
"臺中市大里 第1401 開票所","新仁社 中心(二)",臺中市大里 新仁里７鄰立新 ７１號,新仁里,21﹣24,29﹣32,""
"臺中市大里 第1402 開票所",瑞城國小( ),"臺中市大里 瑞城里４４鄰美 １９６號",瑞城里,1﹣5,""
"臺中市大里 第1403 開票所",瑞城國小(二),"臺中市大里 瑞城里４４鄰美 １９６號",瑞城里,6﹣9,""
"臺中市大里 第1404 開票所",瑞城國小(三),"臺中市大里 瑞城里４４鄰美 １９６號",瑞城里,10﹣16,""
"臺中市大里 第1405 開票所",瑞城國小(四),"臺中市大里 瑞城里４４鄰美 １９６號",瑞城里,17﹣24,""
"臺中市大里 第1406 開票所",瑞城國小(五),"臺中市大里 瑞城里４４鄰美 １９６號",瑞城里,25﹣31,""
"臺中市大里 第1407 開票所",瑞城社 中心,臺中市大里 瑞城里１１鄰瑞和 ３６號,瑞城里,32,33,37﹣42,""
"臺中市大里 第1408 開票所",瑞城國小(六),"臺中市大里 瑞城里４４鄰美 １９６號",瑞城里,34﹣36,43,44,""
"臺中市霧峰 第1409 開票所",桐林里 中心,臺中市霧峰 桐林里５鄰民生路７６１號,桐林里,全里,""
"","","",所屬里別,所屬鄰別,""
"臺中市霧峰 第1410 開票所",吉峰國小( ),"臺中市霧峰 吉峰里２３鄰民生路３４９號",吉峰里,12,13,14,15,""
"臺中市霧峰 第1411 開票所",吉峰國小(二),"臺中市霧峰 吉峰里２３鄰民生路３４９號",吉峰里,1,19,29,30,31,37,""
"臺中市霧峰 第1412 開票所",吉峰國小(三),"臺中市霧峰 吉峰里２３鄰民生路３４９號",吉峰里,16,17,20,39,40,""
"臺中市霧峰 第1413 開票所",吉峰國小(四),"臺中市霧峰 吉峰里２３鄰民生路３４９號",吉峰里,21﹣28,""
"臺中市霧峰 第1414 開票所",吉峰社 中心,臺中市霧峰 吉峰里６鄰吉峰路１８４號,吉峰里,2﹣9,38,""
"臺中市霧峰 第1415 開票所",普賢講,"臺中市霧峰 吉峰里３６鄰自強路３２８巷５９號",吉峰里,10,11,18,32﹣36,""
"臺中市霧峰 第1416 開票所",僑榮國小( ),"臺中市霧峰 甲 里１１鄰民生路１５６號",甲 里,1﹣11,""
"臺中市霧峰 第1417 開票所",僑榮國小(二),"臺中市霧峰 甲 里１１鄰民生路１５６號",甲 里,12﹣21,""
"臺中市霧峰 第1418 開票所",僑榮國小(三),"臺中市霧峰 甲 里１１鄰民生路１５６號",甲 里,22﹣28,""
"臺中市霧峰 第1419 開票所",霧峰幼兒園本鄉分,臺中市霧峰 本鄉里５鄰民生路９５號,本鄉里,1﹣11,19,20,""
"臺中市霧峰 第1420 開票所",聖若瑟天主,臺中市霧峰 本鄉里１鄰民生路８０號,本鄉里,12﹣18,""
"臺中市霧峰 第1421 開票所",中正里 中心,"臺中市霧峰 中正里１０鄰中正路９４５號",中正里,10﹣18,""
"臺中市霧峰 第1422 開票所",霧峰基督長老教,臺中市霧峰 中正里１鄰民生路５８號,中正里,1﹣9,""
"臺中市霧峰 第1423 開票所","南天 後殿(錦榮社中心後面)","臺中市霧峰 園里１鄰 園路５７巷２號",錦榮里,全里,""
"臺中市霧峰 第1424 開票所",錦榮里 中心,"臺中市霧峰 園里１鄰 園路５７巷２號",園里,全里,""
"臺中市霧峰 第1425 開票所",霧峰國小( ),臺中市霧峰 本 里９鄰中正路７３６號,本 里,1﹣9,""
"臺中市霧峰 第1426 開票所",霧峰國小(二),臺中市霧峰 本 里９鄰中正路７３６號,本 里,10﹣19,""
"臺中市霧峰 第1427 開票所",霧峰國小(三),臺中市霧峰 本 里９鄰中正路７３６號,本 里,20﹣25,""
"臺中市霧峰 第1428 開票所",霧峰國小(四),臺中市霧峰 本 里９鄰中正路７３６號,本 里,26﹣35,""
"臺中市霧峰 第1429 開票所",霧峰國中( ),臺中市霧峰 北 里２鄰國中路１１０號,北 里,1﹣6,18﹣20,""
"臺中市霧峰 第1430 開票所",霧峰國中(二),臺中市霧峰 北 里２鄰國中路１１０號,北 里,7,21﹣24,""
"臺中市霧峰 第1431 開票所",北 社 老人 館,"臺中市霧峰 北 里１２鄰四德路４３５巷８１號",北 里,8﹣17,25,""
"臺中市霧峰 第1432 開票所",南北 社 中心,臺中市霧峰 南 里４鄰新厝路１２６號,南 里,1﹣8,""
"臺中市霧峰 第1433 開票所","光復國中小（國小）","臺中市霧峰 南 里１６鄰 豐路５３７號",南 里,9﹣16,""
"臺中市霧峰 第1434 開票所","霧峰幼兒園四德分( )","臺中市霧峰 四德里１０鄰四德路５３３號",四德里,1﹣7,9,""
"臺中市霧峰 第1435 開票所","霧峰幼兒園四德分(二)","臺中市霧峰 四德里１０鄰四德路５３３號",四德里,8,10﹣16,""
"臺中市霧峰 第1436 開票所",五福國小( ),臺中市霧峰 四德里１鄰新 路２３９號,五福里,1﹣10,""
"臺中市霧峰 第1437 開票所",五福國小(二),臺中市霧峰 四德里１鄰新 路２３９號,五福里,11﹣20,""
"臺中市霧峰 第1438 開票所",台里 中心( ),臺中市霧峰 台里８鄰 台路４４４號,台里,1﹣7,""
"臺中市霧峰 第1439 開票所",台里 中心(二),臺中市霧峰 台里８鄰 台路４４４號,台里,8﹣14,""
"","","",所屬里別,所屬鄰別,""
"臺中市霧峰 第1440 開票所",北勢里 中心( ),"臺中市霧峰 北勢里５鄰 台路５７１巷７號",北勢里,2,4,6,8,10,""
"臺中市霧峰 第1441 開票所",北勢里 中心(二),"臺中市霧峰 北勢里５鄰 台路５７１巷７號",北勢里,1,3,5,7,9,""
"臺中市霧峰 第1442 開票所",霧峰幼兒園南北勢分,"臺中市霧峰 南勢里６鄰光明路２８０之３號",南勢里,全里,""
"臺中市霧峰 第1443 開票所",豐國小( ),"臺中市霧峰 豐里１５鄰中正路２２４號",豐里,1﹣10,""
"臺中市霧峰 第1444 開票所",豐國小(二),"臺中市霧峰 豐里１５鄰中正路２２４號",豐里,11﹣20,""
"臺中市霧峰 第1445 開票所",豐國小(三),"臺中市霧峰 豐里１５鄰中正路２２４號",舊正里,1﹣6,16﹣19,21,""
"臺中市霧峰 第1446 開票所",舊正里 中心,"臺中市霧峰 舊正里１２鄰光明路１１６巷５４號",舊正里,7﹣15,20,""
"臺中市霧峰 第1447 開票所",復興國小( ),臺中市霧峰 坑口里２５鄰信義路５０號,坑口里,1﹣11,""
"臺中市霧峰 第1448 開票所",復興國小(二),臺中市霧峰 坑口里２５鄰信義路５０號,坑口里,12﹣32,""
"臺中市霧峰 第1449 開票所",峰谷里 中心,臺中市霧峰 峰谷里５鄰峰谷路３７５號,峰谷里,全里,""
"臺中市霧峰 第1450 開票所","六股社 中心(舊)",臺中市霧峰 六股里９鄰六股路５１號,六股里,9﹣17,19﹣21,""
"臺中市霧峰 第1451 開票所",霧峰幼兒園六股分,"臺中市霧峰 六股里２鄰峰谷路６９巷９號",六股里,1﹣8,18,""
"臺中市東勢 第1452 開票所",北興社 中心,"臺中市東勢 北興里６鄰文化 １１５巷７號",北興里,全里,""
"臺中市東勢 第1453 開票所",中寧社 中心,"臺中市東勢 中寧里４鄰文化 １１５巷３號",中寧里,全里,""
"臺中市東勢 第1454 開票所",東安社 中心,"臺中市東勢 東安里１０鄰文化 １１５巷１號",東安里,全里,""
"臺中市東勢 第1455 開票所",南平里復興,"臺中市東勢 南平里１８鄰文化 １００之１號",南平里,1﹣10,""
"臺中市東勢 第1456 開票所",南平里 中心,"臺中市東勢 南平里１８鄰文化 １００之１號",南平里,11﹣20,""
"臺中市東勢 第1457 開票所",東聖,"臺中市東勢 延平里１８鄰第 橫 １３０號",延平里,1﹣11,""
"臺中市東勢 第1458 開票所",延平社 中心,臺中市東勢 延平里１２鄰本 ４０號,延平里,12﹣21,""
"臺中市東勢 第1459 開票所","新廣興里聯合中心","臺中市東勢 新里４鄰忠孝 １５０之１號",新里,全里,""
"臺中市東勢 第1460 開票所",東勢國小,臺中市東勢 廣興里１０鄰第五橫 １號,廣興里,全里,""
"臺中市東勢 第1461 開票所",泰昌里民 中心,"臺中市東勢 泰昌里７鄰名 ２８巷２號",泰昌里,10﹣13,22﹣24,""
"臺中市東勢 第1462 開票所",接梨第30產銷,"臺中市東勢 泰昌里１４鄰圓樓 ８７號",泰昌里,6,7,14﹣17,21,25,""
"臺中市東勢 第1463 開票所",東勢國中,"臺中市東勢 泰昌里１８鄰東 路５ ４１５號",泰昌里,1﹣5,8,9,18﹣20,""
"臺中市東勢 第1464 開票所",中嵙社 中心,"臺中市東勢 中嵙里６鄰東 路４ １８８巷３３號",中嵙里,1﹣6,""
"臺中市東勢 第1465 開票所",中 國小,"臺中市東勢 中嵙里６鄰東 路４ ９２巷１６號",中嵙里,7﹣12,""
"臺中市東勢 第1466 開票所",福隆里石角長壽俱,"臺中市東勢 福隆里７鄰東坑路東福巷６７號",福隆里,2,5﹣10,""
"臺中市東勢 第1467 開票所",石角東和福德祠,臺中市東勢 福隆里２２鄰東和 東和橋,福隆里,1,13﹣15,18,19,22,23,""
"臺中市東勢 第1468 開票所",三聖,"臺中市東勢 福隆里１１鄰東和 １１７巷３號",福隆里,3,4,11,12,16,17,20,21,""
"臺中市東勢 第1469 開票所",石角國小,"臺中市東勢 隆興里４鄰東坑路西 巷２２號",隆興里,全里,""
"","","",所屬里別,所屬鄰別,""
"臺中市東勢 第1470 開票所",新 里慶安,臺中市東勢 新 里４鄰東關路６０８號,新 里,1﹣4,12,16,21,""
"臺中市東勢 第1471 開票所",新 社 新 中心,"臺中市東勢 新 里７鄰東關路民安巷３９之３號附１",新 里,7﹣10,14,15,17,18,24,""
"臺中市東勢 第1472 開票所",新 國小,臺中市東勢 新 里６鄰新 ３４２號,新 里,"5,6,11,13,19,20,22,23,25",""
"臺中市東勢 第1473 開票所",福社 中心,"臺中市東勢 福里４鄰東關路４８１之１號",福里,全里,""
"臺中市東勢 第1474 開票所",東興,"臺中市東勢 城里６鄰東關路東興巷３５號",城里,全里,""
"臺中市東勢 第1475 開票所",和興,臺中市東勢 下城里５鄰城興 １６１號,下城里,全里,""
"臺中市東勢 第1476 開票所",慶東社 中心,"臺中市東勢 慶東里１０鄰慶東 慶成２巷９號",慶東里,1﹣9,""
"臺中市東勢 第1477 開票所",東 國中,"臺中市東勢 慶東里１７鄰東關路２９６號",慶東里,10﹣18,""
"臺中市東勢 第1478 開票所",慶福社 中心,臺中市東勢 慶福里１鄰慶福 ７５號,慶福里,全里,""
"臺中市東勢 第1479 開票所",東新國中,"臺中市東勢 東新里１４鄰東環 １２３號",東新里,5﹣7,12﹣14,""
"臺中市東勢 第1480 開票所",復,"臺中市東勢 東新里２鄰東蘭路２０之９號",東新里,1﹣4,8﹣11,""
"臺中市東勢 第1481 開票所",善教,臺中市東勢 寧里１０鄰 寧 １９號,寧里,8﹣16,""
"臺中市東勢 第1482 開票所",老人福利服務中心,"臺中市東勢 寧里１鄰東蘭路１之４號附１",寧里,1﹣7,17,""
"臺中市東勢 第1483 開票所",下新社 中心,臺中市東勢 寧里１０鄰 寧 １９號,下新里,全里,""
"臺中市東勢 第1484 開票所",興隆社 中心,"臺中市東勢 興隆里１０鄰東蘭路１１４號",興隆里,全里,""
"臺中市東勢 第1485 開票所",石城國小( ),"臺中市東勢 茂興里１４鄰石城 １８２巷２６號",茂興里,2﹣5,12,13,15,""
"臺中市東勢 第1486 開票所",石城國小(二),"臺中市東勢 茂興里１４鄰石城 １８２巷２６號",茂興里,1,6﹣11,14,""
"臺中市東勢 第1487 開票所",石城復興,臺中市東勢 泰興里２鄰石城 ３２６號,泰興里,全里,""
"臺中市東勢 第1488 開票所",埤頭社 中心,"臺中市東勢 埤頭里５鄰石城 石山巷３４之１號",埤頭里,全里,""
"臺中市東勢 第1489 開票所",明正社 中心,"臺中市東勢 明正里７鄰東蘭路永 巷９７號",明正里,全里,""
"臺中市石岡 第1490 開票所",石岡國民小學,臺中市石岡 石岡里２鄰石岡 １２３號,石岡里,全里,""
"臺中市石岡 第1491 開票所",安 中心,臺中市石岡 安里６鄰石岡 ６號１樓,安里,全里,""
"臺中市石岡 第1492 開票所",九房 中心,"臺中市石岡 九房里２鄰豐勢路九房巷１２４號",九房里,全里,""
"臺中市石岡 第1493 開票所",金 中心,"臺中市石岡 金 里８鄰石岡 下坑巷１５３號",金 里,全里,""
"臺中市石岡 第1494 開票所",龍興 中心,臺中市石岡 龍興里２鄰 仙 ３號,龍興里,全里,""
"臺中市石岡 第1495 開票所",興 中心,臺中市石岡 興里８鄰 １０５號,興里,全里,""
"臺中市石岡 第1496 開票所",梅子 中心,"臺中市石岡 梅子里１１鄰豐勢路梅子巷６５之１２號",梅子里,全里,""
"臺中市石岡 第1497 開票所",土牛 中心,"臺中市石岡 土牛里１０鄰豐勢路德成巷１之１號",土牛里,全里,""
"臺中市石岡 第1498 開票所","石岡 老人福利服務中心",臺中市石岡 德興里８鄰豐勢路１３４號,德興里,全里,""
"臺中市石岡 第1499 開票所",和 中心,"臺中市石岡 和 里１１鄰和 ９號２樓",和 里,全里,""
"","","",所屬里別,所屬鄰別,""
"臺中市新社 第1500 開票所",新社鎮安,"臺中市新社 新社里１２鄰中和 ４ ３１９號",新社里,7﹣12,15﹣18,""
"臺中市新社 第1501 開票所",舊新社戶 事務所,"臺中市新社 新社里６鄰中和 ４ ２０７號",新社里,1﹣6,13,14,""
"臺中市新社 第1502 開票所",大南國小,臺中市新社 大南里３鄰興中 ４７號,復 里,1﹣5,12﹣15,""
"臺中市新社 第1503 開票所",新社高中,"臺中市新社 復 里８鄰中和 ３ 國中巷１０號",復 里,6﹣11,""
"臺中市新社 第1504 開票所",中正社 中心,"臺中市新社 中正里４鄰中和 ５ ３３巷３５之１號",中正里,全里,""
"臺中市新社 第1505 開票所",月 社 中心,"臺中市新社 月 里６鄰東 ２ ６８巷８７號",月 里,全里,""
"臺中市新社 第1506 開票所","(新)崑南社 中心","臺中市新社 崑山里７鄰崑南 ５５之１號",崑山里,全里,""
"臺中市新社 第1507 開票所",大南社 中心,"臺中市新社 大南里８鄰中和 ２ ３８８號",大南里,3﹣13,17,""
"臺中市新社 第1508 開票所",大源,"臺中市新社 大南里１６鄰中和 ２ ２８０巷５５號",大南里,1﹣2,14﹣16,18,""
"臺中市新社 第1509 開票所",馬力 社 中心,臺中市新社 永源里６鄰中和 １ ８號,永源里,1﹣7,""
"臺中市新社 第1510 開票所",永源社 中心,臺中市新社 永源里１６鄰東山 ５７號,永源里,14﹣21,""
"臺中市新社 第1511 開票所",水井 所,"臺中市新社 永源里１３鄰水井 １７５號左邊",永源里,8﹣13,""
"臺中市新社 第1512 開票所",中興社 中心,"臺中市新社 中興里８鄰中興嶺 ４３號",中興里,全里,""
"臺中市新社 第1513 開票所",協成國小,"臺中市新社 協成里１２鄰興義 ２１９號",協成里,1﹣12,""
"臺中市新社 第1514 開票所",三嵙口聯誼 中心,"臺中市新社 協成里２２鄰興隆 ８６號對面",協成里,13﹣22,""
"臺中市新社 第1515 開票所",舊鄉立托兒所東興分,"臺中市新社 東興里５鄰興社 １ １６４號",東興里,全里,""
"臺中市新社 第1516 開票所",下水底鄭王廟,臺中市新社 慶西里７鄰下水底６９號,慶西里,5﹣8,""
"臺中市新社 第1517 開票所",慶西社 中心,"臺中市新社 慶西里１０鄰 坪２０之１號",慶西里,1﹣4,9﹣12,""
"臺中市新社 第1518 開票所",中和國小,臺中市新社 中和里９鄰中興 １２９號,中和里,全里,""
"臺中市新社 第1519 開票所",福興社 中心,臺中市新社 福興里５鄰美林５２之６號,福興里,1﹣13,18﹣19,""
"臺中市新社 第1520 開票所",永豐 銀梅倉,臺中市新社 福興里１５鄰永豐３３號,福興里,14﹣17,""
"臺中市和平 第1521 開票所",和平社 中心,"臺中市和平 南勢里１０鄰東關路３ １７５號",南勢里,1﹣3,10﹣14,""
"臺中市和平 第1522 開票所",南勢社 中心,"臺中市和平 南勢里５鄰東關路３ ３６號",南勢里,4﹣9,""
"臺中市和平 第1523 開票所",天輪社 中心,"臺中市和平 天輪里１鄰東關路２ １－１號",天輪里,全里,""
"臺中市和平 第1524 開票所",松 社 中心,"臺中市和平 博愛里８鄰東關路１ 松２巷１之２號",博愛里,5﹣15,""
"臺中市和平 第1525 開票所","博愛國民小學谷關分校","臺中市和平 博愛里２鄰東關路１ 分校巷２９號",博愛里,1﹣4,""
"臺中市和平 第1526 開票所",三叉坑社 中心,"臺中市和平 自由里１０鄰東 路２ 三叉巷８號",自由里,10,11,""
"臺中市和平 第1527 開票所",自由國民小學,"臺中市和平 自由里７鄰東 路２ ４９號",自由里,4﹣9,""
"臺中市和平 第1528 開票所",烏石坑社 中心,"臺中市和平 自由里１鄰東 路２ 烏石巷１－３號",自由里,1﹣3,""
"臺中市和平 第1529 開票所",達觀社 中心,"臺中市和平 達觀里３鄰達觀里東 路１５０號",達觀里,3﹣8,""
"","","",所屬里別,所屬鄰別,""
"臺中市和平 第1530 開票所",桃山社 中心,"臺中市和平 達觀里１鄰東 路１ 桃山巷３９－７號",達觀里,1,2,""
"臺中市和平 第1531 開票所",中坑坪社 中心,"臺中市和平 中坑里２鄰中坑巷４１－１號",中坑里,全里,""
"臺中市和平 第1532 開票所",松茂長老教,"臺中市和平 梨山里２鄰中興路４ ７４號",梨山里,1﹣6,""
"臺中市和平 第1533 開票所",梨山國民中小學,臺中市和平 梨山里９鄰福壽路１０號,梨山里,7﹣30,""
"臺中市和平 第1534 開票所",新佳 教,"臺中市和平 梨山里３１鄰和平路２ 佳新巷３３號",梨山里,31﹣34,""
"臺中市和平 第1535 開票所",志良民 中心,"臺中市和平 平 里４鄰中興路２ 志良巷６號",平 里,1﹣8,""
"臺中市和平 第1536 開票所",平 國民小學,"臺中市和平 平 里１５鄰中興路３ 環山３巷３５號",平 里,9﹣15,""
